event_id,customer_id,email,event_type,event_timestamp,campaign_name,email_subject,clicked,opened
E000001,C0001,mia.0001@example.com,email_sent,2025-12-20 03:32:53,Welcome Series,Welcome to your new box!,false,false
E000002,C0001,mia.0001@example.com,email_opened,2025-12-22 01:32:53,Welcome Series,Welcome to your new box!,false,true
E000003,C0001,mia.0001@example.com,email_sent,2025-11-17 19:00:01,VIP Insider,VIP early access inside,false,false
E000004,C0001,mia.0001@example.com,email_opened,2025-11-18 07:00:01,VIP Insider,VIP early access inside,false,true
E000005,C0001,mia.0001@example.com,email_sent,2025-09-16 14:57:20,VIP Insider,VIP early access inside,false,false
E000006,C0001,mia.0001@example.com,email_sent,2026-01-04 18:55:55,VIP Insider,VIP early access inside,false,false
E000007,C0001,mia.0001@example.com,email_opened,2026-01-07 17:55:55,VIP Insider,VIP early access inside,false,true
E000008,C0001,mia.0001@example.com,email_clicked,2026-01-08 06:55:55,VIP Insider,VIP early access inside,true,true
E000009,C0001,mia.0001@example.com,email_sent,2025-10-08 02:08:21,Survey,Tell us how we did,false,false
E000010,C0001,mia.0001@example.com,email_opened,2025-10-10 04:08:21,Survey,Tell us how we did,false,true
E000011,C0001,mia.0001@example.com,email_sent,2026-01-12 18:14:20,Survey,Tell us how we did,false,false
E000012,C0001,mia.0001@example.com,email_opened,2026-01-13 05:14:20,Survey,Tell us how we did,false,true
E000013,C0001,mia.0001@example.com,email_sent,2026-01-21 18:51:32,Winback,We miss you — come back,false,false
E000014,C0001,mia.0001@example.com,email_opened,2026-01-21 23:51:32,Winback,We miss you — come back,false,true
E000015,C0001,mia.0001@example.com,email_clicked,2026-01-22 23:51:32,Winback,We miss you — come back,true,true
E000016,C0002,isabella.0002@example.com,email_sent,2025-11-15 11:47:16,Winback,We miss you — come back,false,false
E000017,C0002,isabella.0002@example.com,email_opened,2025-11-18 09:47:16,Winback,We miss you — come back,false,true
E000018,C0002,isabella.0002@example.com,email_sent,2025-12-13 16:20:27,Winback,We miss you — come back,false,false
E000019,C0002,isabella.0002@example.com,email_sent,2025-09-04 04:30:53,Winback,We miss you — come back,false,false
E000020,C0002,isabella.0002@example.com,email_opened,2025-09-04 12:30:53,Winback,We miss you — come back,false,true
E000021,C0002,isabella.0002@example.com,email_sent,2025-09-09 07:31:48,Survey,Tell us how we did,false,false
E000022,C0002,isabella.0002@example.com,email_opened,2025-09-10 11:31:48,Survey,Tell us how we did,false,true
E000023,C0002,isabella.0002@example.com,email_sent,2025-12-11 13:54:51,Survey,Tell us how we did,false,false
E000024,C0002,isabella.0002@example.com,email_opened,2025-12-14 10:54:51,Survey,Tell us how we did,false,true
E000025,C0002,isabella.0002@example.com,email_clicked,2025-12-15 05:54:51,Survey,Tell us how we did,true,true
E000026,C0003,elijah.0003@example.com,email_sent,2025-09-08 03:51:44,Welcome Series,Welcome to your new box!,false,false
E000027,C0003,elijah.0003@example.com,email_sent,2026-01-05 23:04:32,Winback,We miss you — come back,false,false
E000028,C0003,elijah.0003@example.com,email_opened,2026-01-06 05:04:32,Winback,We miss you — come back,false,true
E000029,C0003,elijah.0003@example.com,email_clicked,2026-01-07 02:04:32,Winback,We miss you — come back,true,true
E000030,C0003,elijah.0003@example.com,email_sent,2025-09-03 18:56:48,Monthly Picks,This month’s top picks,false,false
E000031,C0003,elijah.0003@example.com,email_opened,2025-09-04 01:56:48,Monthly Picks,This month’s top picks,false,true
E000032,C0003,elijah.0003@example.com,email_sent,2025-11-28 13:58:27,Welcome Series,Welcome to your new box!,false,false
E000033,C0003,elijah.0003@example.com,email_sent,2025-09-13 10:03:50,Shipping Update,Your box is on the way,false,false
E000034,C0004,owen.0004@example.com,email_sent,2025-12-06 12:51:23,Welcome Series,Welcome to your new box!,false,false
E000035,C0004,owen.0004@example.com,email_sent,2025-10-13 19:56:32,Shipping Update,Your box is on the way,false,false
E000036,C0004,owen.0004@example.com,email_opened,2025-10-14 21:56:32,Shipping Update,Your box is on the way,false,true
E000037,C0004,owen.0004@example.com,email_sent,2026-01-10 17:33:47,Survey,Tell us how we did,false,false
E000038,C0004,owen.0004@example.com,email_opened,2026-01-11 09:33:47,Survey,Tell us how we did,false,true
E000039,C0004,owen.0004@example.com,email_sent,2025-12-16 00:00:27,Shipping Update,Your box is on the way,false,false
E000040,C0004,owen.0004@example.com,email_opened,2025-12-17 04:00:27,Shipping Update,Your box is on the way,false,true
E000041,C0005,samuel.0005@example.com,email_sent,2025-09-13 06:38:07,VIP Insider,VIP early access inside,false,false
E000042,C0005,samuel.0005@example.com,email_opened,2025-09-14 01:38:07,VIP Insider,VIP early access inside,false,true
E000043,C0005,samuel.0005@example.com,email_sent,2026-01-14 04:58:24,Monthly Picks,This month’s top picks,false,false
E000044,C0005,samuel.0005@example.com,email_opened,2026-01-15 02:58:24,Monthly Picks,This month’s top picks,false,true
E000045,C0005,samuel.0005@example.com,email_sent,2025-09-08 21:40:14,Shipping Update,Your box is on the way,false,false
E000046,C0005,samuel.0005@example.com,email_opened,2025-09-10 22:40:14,Shipping Update,Your box is on the way,false,true
E000047,C0005,samuel.0005@example.com,email_sent,2026-02-18 19:21:31,Welcome Series,Welcome to your new box!,false,false
E000048,C0005,samuel.0005@example.com,email_opened,2026-02-18 20:21:31,Welcome Series,Welcome to your new box!,false,true
E000049,C0005,samuel.0005@example.com,email_clicked,2026-02-18 23:21:31,Welcome Series,Welcome to your new box!,true,true
E000050,C0005,samuel.0005@example.com,email_sent,2026-01-05 13:24:07,Survey,Tell us how we did,false,false
E000051,C0006,harper.0006@example.com,email_sent,2026-01-13 15:57:38,Winback,We miss you — come back,false,false
E000052,C0006,harper.0006@example.com,email_sent,2026-01-13 10:37:25,Winback,We miss you — come back,false,false
E000053,C0006,harper.0006@example.com,email_opened,2026-01-14 05:37:25,Winback,We miss you — come back,false,true
E000054,C0006,harper.0006@example.com,email_sent,2025-11-27 11:06:19,Shipping Update,Your box is on the way,false,false
E000055,C0006,harper.0006@example.com,email_opened,2025-11-28 10:06:19,Shipping Update,Your box is on the way,false,true
E000056,C0006,harper.0006@example.com,email_sent,2025-12-25 18:49:43,Welcome Series,Welcome to your new box!,false,false
E000057,C0006,harper.0006@example.com,email_opened,2025-12-28 10:49:43,Welcome Series,Welcome to your new box!,false,true
E000058,C0006,harper.0006@example.com,email_sent,2025-12-31 18:55:29,Welcome Series,Welcome to your new box!,false,false
E000059,C0006,harper.0006@example.com,email_sent,2025-11-07 13:06:54,VIP Insider,VIP early access inside,false,false
E000060,C0006,harper.0006@example.com,email_opened,2025-11-10 13:06:54,VIP Insider,VIP early access inside,false,true
E000061,C0006,harper.0006@example.com,email_clicked,2025-11-10 17:06:54,VIP Insider,VIP early access inside,true,true
E000062,C0007,mason.0007@example.com,email_sent,2025-11-10 06:34:56,Shipping Update,Your box is on the way,false,false
E000063,C0007,mason.0007@example.com,email_sent,2025-12-08 13:18:40,Shipping Update,Your box is on the way,false,false
E000064,C0007,mason.0007@example.com,email_opened,2025-12-09 16:18:40,Shipping Update,Your box is on the way,false,true
E000065,C0007,mason.0007@example.com,email_sent,2025-09-22 21:07:21,Monthly Picks,This month’s top picks,false,false
E000066,C0007,mason.0007@example.com,email_sent,2026-02-11 20:18:27,Survey,Tell us how we did,false,false
E000067,C0008,owen.0008@example.com,email_sent,2025-10-05 05:43:42,Winback,We miss you — come back,false,false
E000068,C0008,owen.0008@example.com,email_opened,2025-10-05 11:43:42,Winback,We miss you — come back,false,true
E000069,C0008,owen.0008@example.com,email_clicked,2025-10-05 23:43:42,Winback,We miss you — come back,true,true
E000070,C0008,owen.0008@example.com,email_sent,2025-10-11 16:45:32,VIP Insider,VIP early access inside,false,false
E000071,C0008,owen.0008@example.com,email_opened,2025-10-13 11:45:32,VIP Insider,VIP early access inside,false,true
E000072,C0008,owen.0008@example.com,email_sent,2025-09-09 09:52:26,Winback,We miss you — come back,false,false
E000073,C0008,owen.0008@example.com,email_opened,2025-09-09 16:52:26,Winback,We miss you — come back,false,true
E000074,C0008,owen.0008@example.com,email_sent,2025-10-01 16:32:45,Monthly Picks,This month’s top picks,false,false
E000075,C0008,owen.0008@example.com,email_sent,2025-12-09 23:37:30,Winback,We miss you — come back,false,false
E000076,C0008,owen.0008@example.com,email_opened,2025-12-11 06:37:30,Winback,We miss you — come back,false,true
E000077,C0008,owen.0008@example.com,email_sent,2025-12-22 13:53:08,Shipping Update,Your box is on the way,false,false
E000078,C0008,owen.0008@example.com,email_opened,2025-12-23 15:53:08,Shipping Update,Your box is on the way,false,true
E000079,C0008,owen.0008@example.com,email_sent,2025-10-15 16:10:20,VIP Insider,VIP early access inside,false,false
E000080,C0009,mia.0009@example.com,email_sent,2025-09-20 01:00:43,Monthly Picks,This month’s top picks,false,false
E000081,C0009,mia.0009@example.com,email_opened,2025-09-22 06:00:43,Monthly Picks,This month’s top picks,false,true
E000082,C0009,mia.0009@example.com,email_sent,2026-02-21 02:03:45,Winback,We miss you — come back,false,false
E000083,C0009,mia.0009@example.com,email_opened,2026-02-23 15:03:45,Winback,We miss you — come back,false,true
E000084,C0009,mia.0009@example.com,email_sent,2026-02-20 21:58:43,Welcome Series,Welcome to your new box!,false,false
E000085,C0009,mia.0009@example.com,email_opened,2026-02-22 01:58:43,Welcome Series,Welcome to your new box!,false,true
E000086,C0009,mia.0009@example.com,email_sent,2025-10-05 13:49:23,Winback,We miss you — come back,false,false
E000087,C0009,mia.0009@example.com,email_opened,2025-10-06 07:49:23,Winback,We miss you — come back,false,true
E000088,C0009,mia.0009@example.com,email_sent,2026-01-01 17:25:54,Monthly Picks,This month’s top picks,false,false
E000089,C0009,mia.0009@example.com,email_opened,2026-01-03 04:25:54,Monthly Picks,This month’s top picks,false,true
E000090,C0009,mia.0009@example.com,email_clicked,2026-01-03 09:25:54,Monthly Picks,This month’s top picks,true,true
E000091,C0009,mia.0009@example.com,email_sent,2026-01-13 09:56:05,Welcome Series,Welcome to your new box!,false,false
E000092,C0010,dylan.0010@example.com,email_sent,2025-09-22 13:48:24,Monthly Picks,This month’s top picks,false,false
E000093,C0010,dylan.0010@example.com,email_sent,2025-11-21 05:03:51,Winback,We miss you — come back,false,false
E000094,C0010,dylan.0010@example.com,email_opened,2025-11-23 01:03:51,Winback,We miss you — come back,false,true
E000095,C0010,dylan.0010@example.com,email_clicked,2025-11-23 11:03:51,Winback,We miss you — come back,true,true
E000096,C0010,dylan.0010@example.com,email_sent,2025-10-01 10:41:08,Shipping Update,Your box is on the way,false,false
E000097,C0010,dylan.0010@example.com,email_sent,2025-12-28 17:55:38,Survey,Tell us how we did,false,false
E000098,C0010,dylan.0010@example.com,email_sent,2025-12-17 08:01:40,Shipping Update,Your box is on the way,false,false
E000099,C0010,dylan.0010@example.com,email_sent,2025-11-19 22:38:35,Welcome Series,Welcome to your new box!,false,false
E000100,C0011,ella.0011@example.com,email_sent,2025-12-24 20:58:00,Monthly Picks,This month’s top picks,false,false
E000101,C0011,ella.0011@example.com,email_opened,2025-12-27 08:58:00,Monthly Picks,This month’s top picks,false,true
E000102,C0011,ella.0011@example.com,email_sent,2025-11-23 03:08:20,Survey,Tell us how we did,false,false
E000103,C0011,ella.0011@example.com,email_sent,2025-10-19 02:58:41,Monthly Picks,This month’s top picks,false,false
E000104,C0011,ella.0011@example.com,email_opened,2025-10-20 07:58:41,Monthly Picks,This month’s top picks,false,true
E000105,C0011,ella.0011@example.com,email_sent,2025-09-29 22:14:56,Shipping Update,Your box is on the way,false,false
E000106,C0011,ella.0011@example.com,email_sent,2025-11-21 02:57:28,Welcome Series,Welcome to your new box!,false,false
E000107,C0011,ella.0011@example.com,email_sent,2025-12-01 09:24:00,Welcome Series,Welcome to your new box!,false,false
E000108,C0011,ella.0011@example.com,email_sent,2025-09-07 12:40:59,Shipping Update,Your box is on the way,false,false
E000109,C0011,ella.0011@example.com,email_opened,2025-09-09 15:40:59,Shipping Update,Your box is on the way,false,true
E000110,C0012,jackson.0012@example.com,email_sent,2025-12-06 04:11:44,Winback,We miss you — come back,false,false
E000111,C0012,jackson.0012@example.com,email_opened,2025-12-09 04:11:44,Winback,We miss you — come back,false,true
E000112,C0012,jackson.0012@example.com,email_sent,2026-01-21 02:22:16,Survey,Tell us how we did,false,false
E000113,C0012,jackson.0012@example.com,email_opened,2026-01-22 06:22:16,Survey,Tell us how we did,false,true
E000114,C0012,jackson.0012@example.com,email_clicked,2026-01-22 16:22:16,Survey,Tell us how we did,true,true
E000115,C0012,jackson.0012@example.com,email_sent,2026-01-04 18:13:19,Monthly Picks,This month’s top picks,false,false
E000116,C0012,jackson.0012@example.com,email_sent,2025-12-03 03:57:02,Welcome Series,Welcome to your new box!,false,false
E000117,C0013,lucas.0013@example.com,email_sent,2025-11-29 04:24:47,Survey,Tell us how we did,false,false
E000118,C0013,lucas.0013@example.com,email_sent,2025-12-23 08:03:11,Survey,Tell us how we did,false,false
E000119,C0013,lucas.0013@example.com,email_opened,2025-12-25 19:03:11,Survey,Tell us how we did,false,true
E000120,C0013,lucas.0013@example.com,email_sent,2026-02-17 18:03:46,Monthly Picks,This month’s top picks,false,false
E000121,C0013,lucas.0013@example.com,email_sent,2026-02-01 09:00:30,Monthly Picks,This month’s top picks,false,false
E000122,C0013,lucas.0013@example.com,email_sent,2025-11-30 03:46:30,Survey,Tell us how we did,false,false
E000123,C0014,olivia.0014@example.com,email_sent,2025-09-14 17:28:45,Survey,Tell us how we did,false,false
E000124,C0014,olivia.0014@example.com,email_opened,2025-09-16 12:28:45,Survey,Tell us how we did,false,true
E000125,C0014,olivia.0014@example.com,email_sent,2025-11-22 16:50:54,VIP Insider,VIP early access inside,false,false
E000126,C0014,olivia.0014@example.com,email_sent,2025-12-28 22:27:45,Survey,Tell us how we did,false,false
E000127,C0014,olivia.0014@example.com,email_opened,2025-12-30 01:27:45,Survey,Tell us how we did,false,true
E000128,C0014,olivia.0014@example.com,email_sent,2025-12-30 11:31:51,Welcome Series,Welcome to your new box!,false,false
E000129,C0015,harper.0015@example.com,email_sent,2026-02-24 16:55:35,Shipping Update,Your box is on the way,false,false
E000130,C0015,harper.0015@example.com,email_sent,2025-09-22 13:08:29,Welcome Series,Welcome to your new box!,false,false
E000131,C0015,harper.0015@example.com,email_opened,2025-09-25 01:08:29,Welcome Series,Welcome to your new box!,false,true
E000132,C0015,harper.0015@example.com,email_sent,2025-11-11 03:42:05,VIP Insider,VIP early access inside,false,false
E000133,C0015,harper.0015@example.com,email_opened,2025-11-14 03:42:05,VIP Insider,VIP early access inside,false,true
E000134,C0015,harper.0015@example.com,email_sent,2026-01-16 17:45:02,Shipping Update,Your box is on the way,false,false
E000135,C0016,david.0016@example.com,email_sent,2025-10-17 08:06:32,VIP Insider,VIP early access inside,false,false
E000136,C0016,david.0016@example.com,email_opened,2025-10-19 22:06:32,VIP Insider,VIP early access inside,false,true
E000137,C0016,david.0016@example.com,email_sent,2026-02-17 03:45:59,Shipping Update,Your box is on the way,false,false
E000138,C0016,david.0016@example.com,email_sent,2026-01-25 06:02:34,Monthly Picks,This month’s top picks,false,false
E000139,C0016,david.0016@example.com,email_sent,2025-11-02 05:28:10,Monthly Picks,This month’s top picks,false,false
E000140,C0016,david.0016@example.com,email_opened,2025-11-03 16:28:10,Monthly Picks,This month’s top picks,false,true
E000141,C0016,david.0016@example.com,email_sent,2025-10-24 19:35:27,Winback,We miss you — come back,false,false
E000142,C0016,david.0016@example.com,email_opened,2025-10-26 19:35:27,Winback,We miss you — come back,false,true
E000143,C0017,emma.0017@example.com,email_sent,2025-12-12 06:31:07,Shipping Update,Your box is on the way,false,false
E000144,C0017,emma.0017@example.com,email_sent,2026-01-16 20:01:32,Winback,We miss you — come back,false,false
E000145,C0017,emma.0017@example.com,email_opened,2026-01-19 17:01:32,Winback,We miss you — come back,false,true
E000146,C0017,emma.0017@example.com,email_sent,2025-12-30 13:50:33,Winback,We miss you — come back,false,false
E000147,C0017,emma.0017@example.com,email_opened,2025-12-30 22:50:33,Winback,We miss you — come back,false,true
E000148,C0017,emma.0017@example.com,email_clicked,2025-12-31 13:50:33,Winback,We miss you — come back,true,true
E000149,C0017,emma.0017@example.com,email_sent,2025-09-16 13:37:16,Welcome Series,Welcome to your new box!,false,false
E000150,C0017,emma.0017@example.com,email_opened,2025-09-17 12:37:16,Welcome Series,Welcome to your new box!,false,true
E000151,C0017,emma.0017@example.com,email_sent,2025-09-22 05:40:38,Welcome Series,Welcome to your new box!,false,false
E000152,C0017,emma.0017@example.com,email_opened,2025-09-22 20:40:38,Welcome Series,Welcome to your new box!,false,true
E000153,C0017,emma.0017@example.com,email_sent,2025-09-30 05:22:18,Winback,We miss you — come back,false,false
E000154,C0017,emma.0017@example.com,email_sent,2025-12-31 19:19:08,Shipping Update,Your box is on the way,false,false
E000155,C0017,emma.0017@example.com,email_opened,2026-01-03 01:19:08,Shipping Update,Your box is on the way,false,true
E000156,C0018,camila.0018@example.com,email_sent,2025-11-07 07:44:24,Winback,We miss you — come back,false,false
E000157,C0018,camila.0018@example.com,email_opened,2025-11-07 10:44:24,Winback,We miss you — come back,false,true
E000158,C0018,camila.0018@example.com,email_sent,2025-09-05 06:41:53,Welcome Series,Welcome to your new box!,false,false
E000159,C0018,camila.0018@example.com,email_sent,2026-02-10 03:08:14,Monthly Picks,This month’s top picks,false,false
E000160,C0018,camila.0018@example.com,email_sent,2025-11-05 05:18:07,Survey,Tell us how we did,false,false
E000161,C0018,camila.0018@example.com,email_opened,2025-11-07 01:18:07,Survey,Tell us how we did,false,true
E000162,C0018,camila.0018@example.com,email_sent,2025-12-04 09:36:56,VIP Insider,VIP early access inside,false,false
E000163,C0019,ethan.0019@example.com,email_sent,2025-10-30 01:07:35,Winback,We miss you — come back,false,false
E000164,C0019,ethan.0019@example.com,email_sent,2025-10-04 08:21:10,VIP Insider,VIP early access inside,false,false
E000165,C0019,ethan.0019@example.com,email_sent,2025-12-04 00:44:11,Monthly Picks,This month’s top picks,false,false
E000166,C0019,ethan.0019@example.com,email_opened,2025-12-05 13:44:11,Monthly Picks,This month’s top picks,false,true
E000167,C0019,ethan.0019@example.com,email_sent,2025-09-29 19:18:24,Welcome Series,Welcome to your new box!,false,false
E000168,C0019,ethan.0019@example.com,email_opened,2025-10-02 06:18:24,Welcome Series,Welcome to your new box!,false,true
E000169,C0019,ethan.0019@example.com,email_sent,2026-02-27 10:45:56,Shipping Update,Your box is on the way,false,false
E000170,C0019,ethan.0019@example.com,email_opened,2026-03-02 07:45:56,Shipping Update,Your box is on the way,false,true
E000171,C0019,ethan.0019@example.com,email_sent,2026-02-10 23:34:08,Monthly Picks,This month’s top picks,false,false
E000172,C0019,ethan.0019@example.com,email_sent,2026-02-02 06:26:21,Survey,Tell us how we did,false,false
E000173,C0019,ethan.0019@example.com,email_opened,2026-02-03 13:26:21,Survey,Tell us how we did,false,true
E000174,C0019,ethan.0019@example.com,email_clicked,2026-02-04 00:26:21,Survey,Tell us how we did,true,true
E000175,C0020,benjamin.0020@example.com,email_sent,2025-10-21 13:35:07,Winback,We miss you — come back,false,false
E000176,C0020,benjamin.0020@example.com,email_opened,2025-10-22 16:35:07,Winback,We miss you — come back,false,true
E000177,C0020,benjamin.0020@example.com,email_sent,2026-01-08 05:42:11,Welcome Series,Welcome to your new box!,false,false
E000178,C0020,benjamin.0020@example.com,email_opened,2026-01-10 02:42:11,Welcome Series,Welcome to your new box!,false,true
E000179,C0020,benjamin.0020@example.com,email_clicked,2026-01-10 17:42:11,Welcome Series,Welcome to your new box!,true,true
E000180,C0020,benjamin.0020@example.com,email_sent,2025-10-02 13:45:35,Shipping Update,Your box is on the way,false,false
E000181,C0020,benjamin.0020@example.com,email_opened,2025-10-03 05:45:35,Shipping Update,Your box is on the way,false,true
E000182,C0020,benjamin.0020@example.com,email_sent,2026-02-28 19:05:44,Winback,We miss you — come back,false,false
E000183,C0020,benjamin.0020@example.com,email_opened,2026-03-01 14:05:44,Winback,We miss you — come back,false,true
E000184,C0020,benjamin.0020@example.com,email_sent,2025-10-01 07:15:39,VIP Insider,VIP early access inside,false,false
E000185,C0020,benjamin.0020@example.com,email_opened,2025-10-04 05:15:39,VIP Insider,VIP early access inside,false,true
E000186,C0021,samuel.0021@example.com,email_sent,2026-01-15 23:38:29,Survey,Tell us how we did,false,false
E000187,C0021,samuel.0021@example.com,email_opened,2026-01-17 13:38:29,Survey,Tell us how we did,false,true
E000188,C0021,samuel.0021@example.com,email_sent,2026-01-08 11:55:19,Shipping Update,Your box is on the way,false,false
E000189,C0021,samuel.0021@example.com,email_opened,2026-01-10 20:55:19,Shipping Update,Your box is on the way,false,true
E000190,C0021,samuel.0021@example.com,email_sent,2026-01-21 01:41:31,Welcome Series,Welcome to your new box!,false,false
E000191,C0021,samuel.0021@example.com,email_opened,2026-01-21 07:41:31,Welcome Series,Welcome to your new box!,false,true
E000192,C0021,samuel.0021@example.com,email_clicked,2026-01-22 01:41:31,Welcome Series,Welcome to your new box!,true,true
E000193,C0021,samuel.0021@example.com,email_sent,2025-10-30 19:46:01,Welcome Series,Welcome to your new box!,false,false
E000194,C0021,samuel.0021@example.com,email_opened,2025-11-01 00:46:01,Welcome Series,Welcome to your new box!,false,true
E000195,C0021,samuel.0021@example.com,email_sent,2025-11-03 08:58:40,Welcome Series,Welcome to your new box!,false,false
E000196,C0021,samuel.0021@example.com,email_opened,2025-11-04 09:58:40,Welcome Series,Welcome to your new box!,false,true
E000197,C0021,samuel.0021@example.com,email_sent,2026-01-30 17:02:39,Monthly Picks,This month’s top picks,false,false
E000198,C0022,aiden.0022@example.com,email_sent,2025-09-05 09:05:03,Monthly Picks,This month’s top picks,false,false
E000199,C0022,aiden.0022@example.com,email_opened,2025-09-07 19:05:03,Monthly Picks,This month’s top picks,false,true
E000200,C0022,aiden.0022@example.com,email_sent,2025-12-09 09:06:09,Welcome Series,Welcome to your new box!,false,false
E000201,C0022,aiden.0022@example.com,email_opened,2025-12-12 00:06:09,Welcome Series,Welcome to your new box!,false,true
E000202,C0022,aiden.0022@example.com,email_sent,2025-12-09 08:01:22,Shipping Update,Your box is on the way,false,false
E000203,C0022,aiden.0022@example.com,email_sent,2025-11-10 02:41:03,Survey,Tell us how we did,false,false
E000204,C0022,aiden.0022@example.com,email_opened,2025-11-12 09:41:03,Survey,Tell us how we did,false,true
E000205,C0022,aiden.0022@example.com,email_sent,2025-09-03 08:48:47,VIP Insider,VIP early access inside,false,false
E000206,C0022,aiden.0022@example.com,email_opened,2025-09-05 05:48:47,VIP Insider,VIP early access inside,false,true
E000207,C0022,aiden.0022@example.com,email_sent,2026-02-17 18:32:29,Winback,We miss you — come back,false,false
E000208,C0023,matthew.0023@example.com,email_sent,2026-02-20 09:28:14,Survey,Tell us how we did,false,false
E000209,C0023,matthew.0023@example.com,email_opened,2026-02-22 15:28:14,Survey,Tell us how we did,false,true
E000210,C0023,matthew.0023@example.com,email_sent,2025-10-02 19:19:05,VIP Insider,VIP early access inside,false,false
E000211,C0023,matthew.0023@example.com,email_sent,2026-01-20 11:32:52,Winback,We miss you — come back,false,false
E000212,C0023,matthew.0023@example.com,email_sent,2026-02-10 05:45:57,Monthly Picks,This month’s top picks,false,false
E000213,C0023,matthew.0023@example.com,email_sent,2025-09-28 21:24:27,Welcome Series,Welcome to your new box!,false,false
E000214,C0023,matthew.0023@example.com,email_opened,2025-10-01 10:24:27,Welcome Series,Welcome to your new box!,false,true
E000215,C0024,harper.0024@example.com,email_sent,2025-12-24 16:45:47,Welcome Series,Welcome to your new box!,false,false
E000216,C0024,harper.0024@example.com,email_sent,2025-09-02 06:50:46,Welcome Series,Welcome to your new box!,false,false
E000217,C0024,harper.0024@example.com,email_opened,2025-09-03 17:50:46,Welcome Series,Welcome to your new box!,false,true
E000218,C0024,harper.0024@example.com,email_sent,2025-11-29 17:38:06,Shipping Update,Your box is on the way,false,false
E000219,C0024,harper.0024@example.com,email_sent,2025-10-09 16:36:27,Monthly Picks,This month’s top picks,false,false
E000220,C0024,harper.0024@example.com,email_opened,2025-10-11 17:36:27,Monthly Picks,This month’s top picks,false,true
E000221,C0024,harper.0024@example.com,email_sent,2025-09-09 04:49:10,Winback,We miss you — come back,false,false
E000222,C0024,harper.0024@example.com,email_sent,2026-02-10 01:26:56,VIP Insider,VIP early access inside,false,false
E000223,C0025,owen.0025@example.com,email_sent,2026-01-22 15:58:44,Shipping Update,Your box is on the way,false,false
E000224,C0025,owen.0025@example.com,email_opened,2026-01-22 19:58:44,Shipping Update,Your box is on the way,false,true
E000225,C0025,owen.0025@example.com,email_sent,2025-10-22 00:09:49,Monthly Picks,This month’s top picks,false,false
E000226,C0025,owen.0025@example.com,email_opened,2025-10-24 13:09:49,Monthly Picks,This month’s top picks,false,true
E000227,C0025,owen.0025@example.com,email_clicked,2025-10-25 11:09:49,Monthly Picks,This month’s top picks,true,true
E000228,C0025,owen.0025@example.com,email_sent,2025-11-21 00:05:29,VIP Insider,VIP early access inside,false,false
E000229,C0025,owen.0025@example.com,email_opened,2025-11-22 08:05:29,VIP Insider,VIP early access inside,false,true
E000230,C0025,owen.0025@example.com,email_clicked,2025-11-22 17:05:29,VIP Insider,VIP early access inside,true,true
E000231,C0025,owen.0025@example.com,email_sent,2025-09-13 22:57:36,Winback,We miss you — come back,false,false
E000232,C0025,owen.0025@example.com,email_sent,2025-12-22 19:57:45,VIP Insider,VIP early access inside,false,false
E000233,C0025,owen.0025@example.com,email_opened,2025-12-25 03:57:45,VIP Insider,VIP early access inside,false,true
E000234,C0025,owen.0025@example.com,email_sent,2026-01-12 04:35:07,Survey,Tell us how we did,false,false
E000235,C0025,owen.0025@example.com,email_opened,2026-01-12 20:35:07,Survey,Tell us how we did,false,true
E000236,C0025,owen.0025@example.com,email_sent,2025-12-21 16:55:23,Survey,Tell us how we did,false,false
E000237,C0025,owen.0025@example.com,email_opened,2025-12-23 02:55:23,Survey,Tell us how we did,false,true
E000238,C0025,owen.0025@example.com,email_clicked,2025-12-23 04:55:23,Survey,Tell us how we did,true,true
E000239,C0026,mia.0026@example.com,email_sent,2025-11-29 12:37:14,VIP Insider,VIP early access inside,false,false
E000240,C0026,mia.0026@example.com,email_sent,2025-11-09 09:32:13,Monthly Picks,This month’s top picks,false,false
E000241,C0026,mia.0026@example.com,email_opened,2025-11-10 20:32:13,Monthly Picks,This month’s top picks,false,true
E000242,C0026,mia.0026@example.com,email_sent,2026-02-25 02:42:56,Survey,Tell us how we did,false,false
E000243,C0026,mia.0026@example.com,email_sent,2025-10-27 06:49:40,Welcome Series,Welcome to your new box!,false,false
E000244,C0026,mia.0026@example.com,email_opened,2025-10-27 16:49:40,Welcome Series,Welcome to your new box!,false,true
E000245,C0026,mia.0026@example.com,email_sent,2025-10-06 13:59:42,Survey,Tell us how we did,false,false
E000246,C0027,mason.0027@example.com,email_sent,2025-11-02 15:27:24,Shipping Update,Your box is on the way,false,false
E000247,C0027,mason.0027@example.com,email_sent,2026-02-03 07:41:52,Survey,Tell us how we did,false,false
E000248,C0027,mason.0027@example.com,email_opened,2026-02-05 06:41:52,Survey,Tell us how we did,false,true
E000249,C0027,mason.0027@example.com,email_clicked,2026-02-06 01:41:52,Survey,Tell us how we did,true,true
E000250,C0027,mason.0027@example.com,email_sent,2026-02-07 20:55:30,VIP Insider,VIP early access inside,false,false
E000251,C0027,mason.0027@example.com,email_opened,2026-02-08 14:55:30,VIP Insider,VIP early access inside,false,true
E000252,C0027,mason.0027@example.com,email_sent,2026-01-30 05:30:27,VIP Insider,VIP early access inside,false,false
E000253,C0027,mason.0027@example.com,email_opened,2026-02-01 01:30:27,VIP Insider,VIP early access inside,false,true
E000254,C0027,mason.0027@example.com,email_sent,2025-09-20 21:18:06,Monthly Picks,This month’s top picks,false,false
E000255,C0027,mason.0027@example.com,email_opened,2025-09-23 14:18:06,Monthly Picks,This month’s top picks,false,true
E000256,C0027,mason.0027@example.com,email_clicked,2025-09-23 21:18:06,Monthly Picks,This month’s top picks,true,true
E000257,C0028,sofia.0028@example.com,email_sent,2025-11-29 10:02:42,Winback,We miss you — come back,false,false
E000258,C0028,sofia.0028@example.com,email_sent,2026-02-07 00:05:35,Welcome Series,Welcome to your new box!,false,false
E000259,C0028,sofia.0028@example.com,email_opened,2026-02-07 03:05:35,Welcome Series,Welcome to your new box!,false,true
E000260,C0028,sofia.0028@example.com,email_sent,2026-01-13 04:31:46,VIP Insider,VIP early access inside,false,false
E000261,C0028,sofia.0028@example.com,email_opened,2026-01-15 13:31:46,VIP Insider,VIP early access inside,false,true
E000262,C0028,sofia.0028@example.com,email_sent,2025-12-11 13:55:15,Shipping Update,Your box is on the way,false,false
E000263,C0029,scarlett.0029@example.com,email_sent,2026-01-16 20:20:59,Monthly Picks,This month’s top picks,false,false
E000264,C0029,scarlett.0029@example.com,email_opened,2026-01-17 12:20:59,Monthly Picks,This month’s top picks,false,true
E000265,C0029,scarlett.0029@example.com,email_clicked,2026-01-18 11:20:59,Monthly Picks,This month’s top picks,true,true
E000266,C0029,scarlett.0029@example.com,email_sent,2026-01-12 14:31:55,Monthly Picks,This month’s top picks,false,false
E000267,C0029,scarlett.0029@example.com,email_opened,2026-01-13 07:31:55,Monthly Picks,This month’s top picks,false,true
E000268,C0029,scarlett.0029@example.com,email_clicked,2026-01-13 10:31:55,Monthly Picks,This month’s top picks,true,true
E000269,C0029,scarlett.0029@example.com,email_sent,2026-01-13 03:26:45,Winback,We miss you — come back,false,false
E000270,C0029,scarlett.0029@example.com,email_sent,2025-09-16 02:16:21,Welcome Series,Welcome to your new box!,false,false
E000271,C0029,scarlett.0029@example.com,email_opened,2025-09-18 16:16:21,Welcome Series,Welcome to your new box!,false,true
E000272,C0029,scarlett.0029@example.com,email_sent,2025-10-09 03:03:43,Welcome Series,Welcome to your new box!,false,false
E000273,C0029,scarlett.0029@example.com,email_opened,2025-10-11 21:03:43,Welcome Series,Welcome to your new box!,false,true
E000274,C0029,scarlett.0029@example.com,email_sent,2025-09-24 02:13:03,Winback,We miss you — come back,false,false
E000275,C0030,harper.0030@example.com,email_sent,2025-10-29 13:46:16,Welcome Series,Welcome to your new box!,false,false
E000276,C0030,harper.0030@example.com,email_sent,2026-01-30 22:06:44,Welcome Series,Welcome to your new box!,false,false
E000277,C0030,harper.0030@example.com,email_opened,2026-02-01 01:06:44,Welcome Series,Welcome to your new box!,false,true
E000278,C0030,harper.0030@example.com,email_sent,2025-10-06 21:08:44,Monthly Picks,This month’s top picks,false,false
E000279,C0030,harper.0030@example.com,email_sent,2025-09-18 15:03:44,Welcome Series,Welcome to your new box!,false,false
E000280,C0030,harper.0030@example.com,email_opened,2025-09-20 03:03:44,Welcome Series,Welcome to your new box!,false,true
E000281,C0031,owen.0031@example.com,email_sent,2025-10-02 04:15:05,VIP Insider,VIP early access inside,false,false
E000282,C0031,owen.0031@example.com,email_sent,2025-12-29 00:35:02,Survey,Tell us how we did,false,false
E000283,C0031,owen.0031@example.com,email_opened,2025-12-29 09:35:02,Survey,Tell us how we did,false,true
E000284,C0031,owen.0031@example.com,email_clicked,2025-12-30 04:35:02,Survey,Tell us how we did,true,true
E000285,C0031,owen.0031@example.com,email_sent,2025-12-12 16:34:01,Welcome Series,Welcome to your new box!,false,false
E000286,C0031,owen.0031@example.com,email_opened,2025-12-13 17:34:01,Welcome Series,Welcome to your new box!,false,true
E000287,C0031,owen.0031@example.com,email_sent,2026-02-23 02:02:29,Monthly Picks,This month’s top picks,false,false
E000288,C0031,owen.0031@example.com,email_sent,2026-01-19 20:22:22,Welcome Series,Welcome to your new box!,false,false
E000289,C0031,owen.0031@example.com,email_opened,2026-01-21 00:22:22,Welcome Series,Welcome to your new box!,false,true
E000290,C0031,owen.0031@example.com,email_sent,2025-12-02 04:20:04,Survey,Tell us how we did,false,false
E000291,C0031,owen.0031@example.com,email_opened,2025-12-03 04:20:04,Survey,Tell us how we did,false,true
E000292,C0032,scarlett.0032@example.com,email_sent,2026-02-10 02:10:49,Monthly Picks,This month’s top picks,false,false
E000293,C0032,scarlett.0032@example.com,email_opened,2026-02-12 03:10:49,Monthly Picks,This month’s top picks,false,true
E000294,C0032,scarlett.0032@example.com,email_sent,2025-10-15 04:28:46,Shipping Update,Your box is on the way,false,false
E000295,C0032,scarlett.0032@example.com,email_opened,2025-10-16 21:28:46,Shipping Update,Your box is on the way,false,true
E000296,C0032,scarlett.0032@example.com,email_clicked,2025-10-17 01:28:46,Shipping Update,Your box is on the way,true,true
E000297,C0032,scarlett.0032@example.com,email_sent,2025-09-27 09:23:51,Shipping Update,Your box is on the way,false,false
E000298,C0032,scarlett.0032@example.com,email_opened,2025-09-29 08:23:51,Shipping Update,Your box is on the way,false,true
E000299,C0032,scarlett.0032@example.com,email_sent,2026-01-19 05:24:01,Shipping Update,Your box is on the way,false,false
E000300,C0032,scarlett.0032@example.com,email_opened,2026-01-20 23:24:01,Shipping Update,Your box is on the way,false,true
E000301,C0033,sophia.0033@example.com,email_sent,2025-11-28 17:31:17,VIP Insider,VIP early access inside,false,false
E000302,C0033,sophia.0033@example.com,email_sent,2026-01-12 09:52:08,VIP Insider,VIP early access inside,false,false
E000303,C0033,sophia.0033@example.com,email_sent,2025-10-14 20:38:47,Winback,We miss you — come back,false,false
E000304,C0033,sophia.0033@example.com,email_sent,2026-02-14 02:17:34,VIP Insider,VIP early access inside,false,false
E000305,C0033,sophia.0033@example.com,email_opened,2026-02-14 11:17:34,VIP Insider,VIP early access inside,false,true
E000306,C0033,sophia.0033@example.com,email_sent,2026-01-10 20:58:49,Winback,We miss you — come back,false,false
E000307,C0033,sophia.0033@example.com,email_opened,2026-01-10 22:58:49,Winback,We miss you — come back,false,true
E000308,C0033,sophia.0033@example.com,email_sent,2026-01-09 12:11:31,Winback,We miss you — come back,false,false
E000309,C0033,sophia.0033@example.com,email_opened,2026-01-11 21:11:31,Winback,We miss you — come back,false,true
E000310,C0033,sophia.0033@example.com,email_sent,2025-09-17 12:09:22,Survey,Tell us how we did,false,false
E000311,C0033,sophia.0033@example.com,email_opened,2025-09-19 15:09:22,Survey,Tell us how we did,false,true
E000312,C0034,samuel.0034@example.com,email_sent,2026-02-27 16:09:55,Survey,Tell us how we did,false,false
E000313,C0034,samuel.0034@example.com,email_sent,2025-09-13 13:34:20,Monthly Picks,This month’s top picks,false,false
E000314,C0034,samuel.0034@example.com,email_opened,2025-09-14 15:34:20,Monthly Picks,This month’s top picks,false,true
E000315,C0034,samuel.0034@example.com,email_sent,2026-02-11 21:27:45,Shipping Update,Your box is on the way,false,false
E000316,C0034,samuel.0034@example.com,email_sent,2025-10-16 05:15:04,Welcome Series,Welcome to your new box!,false,false
E000317,C0035,harper.0035@example.com,email_sent,2026-01-27 12:18:20,VIP Insider,VIP early access inside,false,false
E000318,C0035,harper.0035@example.com,email_sent,2025-12-25 06:36:33,Shipping Update,Your box is on the way,false,false
E000319,C0035,harper.0035@example.com,email_opened,2025-12-27 10:36:33,Shipping Update,Your box is on the way,false,true
E000320,C0035,harper.0035@example.com,email_sent,2025-12-27 02:57:16,Survey,Tell us how we did,false,false
E000321,C0035,harper.0035@example.com,email_sent,2025-12-09 07:21:51,Winback,We miss you — come back,false,false
E000322,C0035,harper.0035@example.com,email_opened,2025-12-11 18:21:51,Winback,We miss you — come back,false,true
E000323,C0035,harper.0035@example.com,email_clicked,2025-12-12 03:21:51,Winback,We miss you — come back,true,true
E000324,C0035,harper.0035@example.com,email_sent,2025-12-06 13:27:49,Winback,We miss you — come back,false,false
E000325,C0035,harper.0035@example.com,email_opened,2025-12-07 07:27:49,Winback,We miss you — come back,false,true
E000326,C0035,harper.0035@example.com,email_clicked,2025-12-08 07:27:49,Winback,We miss you — come back,true,true
E000327,C0035,harper.0035@example.com,email_sent,2026-02-09 05:32:11,Welcome Series,Welcome to your new box!,false,false
E000328,C0035,harper.0035@example.com,email_opened,2026-02-09 09:32:11,Welcome Series,Welcome to your new box!,false,true
E000329,C0035,harper.0035@example.com,email_sent,2025-12-27 09:33:55,Winback,We miss you — come back,false,false
E000330,C0036,samuel.0036@example.com,email_sent,2025-12-30 18:34:30,VIP Insider,VIP early access inside,false,false
E000331,C0036,samuel.0036@example.com,email_sent,2026-01-07 08:51:32,Welcome Series,Welcome to your new box!,false,false
E000332,C0036,samuel.0036@example.com,email_sent,2026-02-01 22:23:46,Winback,We miss you — come back,false,false
E000333,C0036,samuel.0036@example.com,email_opened,2026-02-03 12:23:46,Winback,We miss you — come back,false,true
E000334,C0036,samuel.0036@example.com,email_sent,2025-12-08 00:30:50,Winback,We miss you — come back,false,false
E000335,C0036,samuel.0036@example.com,email_opened,2025-12-09 20:30:50,Winback,We miss you — come back,false,true
E000336,C0036,samuel.0036@example.com,email_sent,2025-12-16 03:26:02,Shipping Update,Your box is on the way,false,false
E000337,C0036,samuel.0036@example.com,email_opened,2025-12-16 08:26:02,Shipping Update,Your box is on the way,false,true
E000338,C0037,aiden.0037@example.com,email_sent,2025-11-27 09:41:25,Winback,We miss you — come back,false,false
E000339,C0037,aiden.0037@example.com,email_opened,2025-11-29 10:41:25,Winback,We miss you — come back,false,true
E000340,C0037,aiden.0037@example.com,email_sent,2025-09-07 09:08:15,Welcome Series,Welcome to your new box!,false,false
E000341,C0037,aiden.0037@example.com,email_opened,2025-09-09 00:08:15,Welcome Series,Welcome to your new box!,false,true
E000342,C0037,aiden.0037@example.com,email_sent,2025-12-05 10:27:39,Monthly Picks,This month’s top picks,false,false
E000343,C0037,aiden.0037@example.com,email_opened,2025-12-07 02:27:39,Monthly Picks,This month’s top picks,false,true
E000344,C0037,aiden.0037@example.com,email_sent,2026-01-27 08:32:59,Winback,We miss you — come back,false,false
E000345,C0037,aiden.0037@example.com,email_opened,2026-01-29 23:32:59,Winback,We miss you — come back,false,true
E000346,C0038,james.0038@example.com,email_sent,2025-12-19 04:18:00,Winback,We miss you — come back,false,false
E000347,C0038,james.0038@example.com,email_sent,2025-09-11 19:45:13,Shipping Update,Your box is on the way,false,false
E000348,C0038,james.0038@example.com,email_opened,2025-09-14 11:45:13,Shipping Update,Your box is on the way,false,true
E000349,C0038,james.0038@example.com,email_sent,2025-12-29 19:08:50,Winback,We miss you — come back,false,false
E000350,C0038,james.0038@example.com,email_sent,2025-11-02 05:33:28,VIP Insider,VIP early access inside,false,false
E000351,C0038,james.0038@example.com,email_opened,2025-11-02 11:33:28,VIP Insider,VIP early access inside,false,true
E000352,C0038,james.0038@example.com,email_clicked,2025-11-02 23:33:28,VIP Insider,VIP early access inside,true,true
E000353,C0038,james.0038@example.com,email_sent,2026-02-05 04:47:32,VIP Insider,VIP early access inside,false,false
E000354,C0038,james.0038@example.com,email_sent,2026-01-27 14:03:45,Welcome Series,Welcome to your new box!,false,false
E000355,C0038,james.0038@example.com,email_sent,2025-11-13 21:36:01,VIP Insider,VIP early access inside,false,false
E000356,C0038,james.0038@example.com,email_opened,2025-11-15 18:36:01,VIP Insider,VIP early access inside,false,true
E000357,C0039,jack.0039@example.com,email_sent,2025-09-11 23:04:21,VIP Insider,VIP early access inside,false,false
E000358,C0039,jack.0039@example.com,email_sent,2025-10-16 13:25:05,Monthly Picks,This month’s top picks,false,false
E000359,C0039,jack.0039@example.com,email_sent,2025-09-17 11:51:25,Shipping Update,Your box is on the way,false,false
E000360,C0039,jack.0039@example.com,email_sent,2026-02-16 17:33:13,Welcome Series,Welcome to your new box!,false,false
E000361,C0039,jack.0039@example.com,email_opened,2026-02-18 13:33:13,Welcome Series,Welcome to your new box!,false,true
E000362,C0039,jack.0039@example.com,email_clicked,2026-02-19 07:33:13,Welcome Series,Welcome to your new box!,true,true
E000363,C0039,jack.0039@example.com,email_sent,2025-09-08 06:11:32,VIP Insider,VIP early access inside,false,false
E000364,C0039,jack.0039@example.com,email_opened,2025-09-10 13:11:32,VIP Insider,VIP early access inside,false,true
E000365,C0039,jack.0039@example.com,email_sent,2025-10-22 18:32:02,Winback,We miss you — come back,false,false
E000366,C0039,jack.0039@example.com,email_opened,2025-10-25 07:32:02,Winback,We miss you — come back,false,true
E000367,C0039,jack.0039@example.com,email_sent,2025-11-13 08:23:05,VIP Insider,VIP early access inside,false,false
E000368,C0040,emma.0040@example.com,email_sent,2025-09-19 23:26:04,Shipping Update,Your box is on the way,false,false
E000369,C0040,emma.0040@example.com,email_sent,2026-01-13 03:39:33,Welcome Series,Welcome to your new box!,false,false
E000370,C0040,emma.0040@example.com,email_sent,2025-12-06 10:56:09,VIP Insider,VIP early access inside,false,false
E000371,C0040,emma.0040@example.com,email_opened,2025-12-08 06:56:09,VIP Insider,VIP early access inside,false,true
E000372,C0040,emma.0040@example.com,email_clicked,2025-12-08 16:56:09,VIP Insider,VIP early access inside,true,true
E000373,C0040,emma.0040@example.com,email_sent,2025-11-24 15:51:57,VIP Insider,VIP early access inside,false,false
E000374,C0040,emma.0040@example.com,email_opened,2025-11-25 01:51:57,VIP Insider,VIP early access inside,false,true
E000375,C0040,emma.0040@example.com,email_sent,2025-10-12 13:41:08,Shipping Update,Your box is on the way,false,false
E000376,C0040,emma.0040@example.com,email_opened,2025-10-12 20:41:08,Shipping Update,Your box is on the way,false,true
E000377,C0040,emma.0040@example.com,email_sent,2025-11-18 01:34:59,Shipping Update,Your box is on the way,false,false
E000378,C0041,olivia.0041@example.com,email_sent,2026-02-11 22:11:45,Survey,Tell us how we did,false,false
E000379,C0041,olivia.0041@example.com,email_sent,2025-11-05 09:46:44,Shipping Update,Your box is on the way,false,false
E000380,C0041,olivia.0041@example.com,email_opened,2025-11-08 05:46:44,Shipping Update,Your box is on the way,false,true
E000381,C0041,olivia.0041@example.com,email_sent,2025-11-07 10:36:43,Monthly Picks,This month’s top picks,false,false
E000382,C0041,olivia.0041@example.com,email_sent,2026-02-07 22:54:06,Survey,Tell us how we did,false,false
E000383,C0041,olivia.0041@example.com,email_opened,2026-02-09 13:54:06,Survey,Tell us how we did,false,true
E000384,C0042,samuel.0042@example.com,email_sent,2025-11-20 10:50:39,Monthly Picks,This month’s top picks,false,false
E000385,C0042,samuel.0042@example.com,email_opened,2025-11-23 04:50:39,Monthly Picks,This month’s top picks,false,true
E000386,C0042,samuel.0042@example.com,email_sent,2025-10-06 01:39:39,Shipping Update,Your box is on the way,false,false
E000387,C0042,samuel.0042@example.com,email_sent,2026-01-15 13:45:46,Survey,Tell us how we did,false,false
E000388,C0042,samuel.0042@example.com,email_opened,2026-01-16 13:45:46,Survey,Tell us how we did,false,true
E000389,C0042,samuel.0042@example.com,email_sent,2026-01-07 07:34:48,Monthly Picks,This month’s top picks,false,false
E000390,C0042,samuel.0042@example.com,email_sent,2025-11-30 17:45:14,Survey,Tell us how we did,false,false
E000391,C0042,samuel.0042@example.com,email_opened,2025-12-03 14:45:14,Survey,Tell us how we did,false,true
E000392,C0042,samuel.0042@example.com,email_sent,2025-12-19 22:17:37,Winback,We miss you — come back,false,false
E000393,C0043,daniel.0043@example.com,email_sent,2025-10-09 23:05:15,Shipping Update,Your box is on the way,false,false
E000394,C0043,daniel.0043@example.com,email_opened,2025-10-10 18:05:15,Shipping Update,Your box is on the way,false,true
E000395,C0043,daniel.0043@example.com,email_clicked,2025-10-11 18:05:15,Shipping Update,Your box is on the way,true,true
E000396,C0043,daniel.0043@example.com,email_sent,2026-01-27 15:37:43,Survey,Tell us how we did,false,false
E000397,C0043,daniel.0043@example.com,email_opened,2026-01-29 23:37:43,Survey,Tell us how we did,false,true
E000398,C0043,daniel.0043@example.com,email_sent,2026-01-02 02:18:58,Welcome Series,Welcome to your new box!,false,false
E000399,C0043,daniel.0043@example.com,email_opened,2026-01-04 07:18:58,Welcome Series,Welcome to your new box!,false,true
E000400,C0043,daniel.0043@example.com,email_sent,2026-01-04 10:46:37,VIP Insider,VIP early access inside,false,false
E000401,C0043,daniel.0043@example.com,email_opened,2026-01-05 17:46:37,VIP Insider,VIP early access inside,false,true
E000402,C0044,isabella.0044@example.com,email_sent,2025-10-08 06:23:36,Monthly Picks,This month’s top picks,false,false
E000403,C0044,isabella.0044@example.com,email_opened,2025-10-09 22:23:36,Monthly Picks,This month’s top picks,false,true
E000404,C0044,isabella.0044@example.com,email_sent,2025-11-24 16:31:36,Shipping Update,Your box is on the way,false,false
E000405,C0044,isabella.0044@example.com,email_opened,2025-11-24 21:31:36,Shipping Update,Your box is on the way,false,true
E000406,C0044,isabella.0044@example.com,email_clicked,2025-11-25 06:31:36,Shipping Update,Your box is on the way,true,true
E000407,C0044,isabella.0044@example.com,email_sent,2025-09-06 15:48:39,Monthly Picks,This month’s top picks,false,false
E000408,C0044,isabella.0044@example.com,email_opened,2025-09-08 03:48:39,Monthly Picks,This month’s top picks,false,true
E000409,C0044,isabella.0044@example.com,email_sent,2026-01-04 02:37:36,Monthly Picks,This month’s top picks,false,false
E000410,C0045,benjamin.0045@example.com,email_sent,2025-09-11 17:50:37,Welcome Series,Welcome to your new box!,false,false
E000411,C0045,benjamin.0045@example.com,email_sent,2025-10-31 22:54:08,Welcome Series,Welcome to your new box!,false,false
E000412,C0045,benjamin.0045@example.com,email_sent,2026-02-22 20:58:59,Welcome Series,Welcome to your new box!,false,false
E000413,C0045,benjamin.0045@example.com,email_sent,2026-01-09 10:13:07,VIP Insider,VIP early access inside,false,false
E000414,C0045,benjamin.0045@example.com,email_sent,2025-11-17 01:39:53,Welcome Series,Welcome to your new box!,false,false
E000415,C0045,benjamin.0045@example.com,email_sent,2026-02-11 15:30:03,Survey,Tell us how we did,false,false
E000416,C0045,benjamin.0045@example.com,email_opened,2026-02-12 06:30:03,Survey,Tell us how we did,false,true
E000417,C0045,benjamin.0045@example.com,email_sent,2025-09-24 10:14:07,Shipping Update,Your box is on the way,false,false
E000418,C0045,benjamin.0045@example.com,email_opened,2025-09-27 06:14:07,Shipping Update,Your box is on the way,false,true
E000419,C0046,isabella.0046@example.com,email_sent,2025-12-26 11:22:11,Monthly Picks,This month’s top picks,false,false
E000420,C0046,isabella.0046@example.com,email_opened,2025-12-28 04:22:11,Monthly Picks,This month’s top picks,false,true
E000421,C0046,isabella.0046@example.com,email_sent,2026-01-22 03:46:13,Shipping Update,Your box is on the way,false,false
E000422,C0046,isabella.0046@example.com,email_opened,2026-01-23 10:46:13,Shipping Update,Your box is on the way,false,true
E000423,C0046,isabella.0046@example.com,email_sent,2025-09-29 00:23:01,Monthly Picks,This month’s top picks,false,false
E000424,C0046,isabella.0046@example.com,email_opened,2025-09-30 04:23:01,Monthly Picks,This month’s top picks,false,true
E000425,C0046,isabella.0046@example.com,email_sent,2025-11-19 07:10:04,Winback,We miss you — come back,false,false
E000426,C0046,isabella.0046@example.com,email_opened,2025-11-19 15:10:04,Winback,We miss you — come back,false,true
E000427,C0047,avery.0047@example.com,email_sent,2025-09-22 22:26:16,Survey,Tell us how we did,false,false
E000428,C0047,avery.0047@example.com,email_opened,2025-09-25 05:26:16,Survey,Tell us how we did,false,true
E000429,C0047,avery.0047@example.com,email_sent,2025-10-24 22:19:59,Monthly Picks,This month’s top picks,false,false
E000430,C0047,avery.0047@example.com,email_sent,2025-11-10 11:41:36,Monthly Picks,This month’s top picks,false,false
E000431,C0047,avery.0047@example.com,email_opened,2025-11-12 11:41:36,Monthly Picks,This month’s top picks,false,true
E000432,C0047,avery.0047@example.com,email_sent,2026-01-04 07:46:14,Welcome Series,Welcome to your new box!,false,false
E000433,C0047,avery.0047@example.com,email_sent,2025-09-07 18:13:25,Shipping Update,Your box is on the way,false,false
E000434,C0047,avery.0047@example.com,email_sent,2026-02-03 03:20:11,Survey,Tell us how we did,false,false
E000435,C0048,evelyn.0048@example.com,email_sent,2025-12-17 07:53:55,VIP Insider,VIP early access inside,false,false
E000436,C0048,evelyn.0048@example.com,email_opened,2025-12-19 06:53:55,VIP Insider,VIP early access inside,false,true
E000437,C0048,evelyn.0048@example.com,email_sent,2025-09-24 16:48:42,Survey,Tell us how we did,false,false
E000438,C0048,evelyn.0048@example.com,email_opened,2025-09-25 23:48:42,Survey,Tell us how we did,false,true
E000439,C0048,evelyn.0048@example.com,email_sent,2025-09-02 12:39:31,Winback,We miss you — come back,false,false
E000440,C0048,evelyn.0048@example.com,email_sent,2026-02-28 02:29:51,Winback,We miss you — come back,false,false
E000441,C0048,evelyn.0048@example.com,email_sent,2025-10-29 10:14:25,VIP Insider,VIP early access inside,false,false
E000442,C0048,evelyn.0048@example.com,email_opened,2025-10-30 17:14:25,VIP Insider,VIP early access inside,false,true
E000443,C0049,james.0049@example.com,email_sent,2026-01-01 14:19:00,Winback,We miss you — come back,false,false
E000444,C0049,james.0049@example.com,email_opened,2026-01-03 19:19:00,Winback,We miss you — come back,false,true
E000445,C0049,james.0049@example.com,email_sent,2026-02-16 05:55:28,VIP Insider,VIP early access inside,false,false
E000446,C0049,james.0049@example.com,email_opened,2026-02-18 20:55:28,VIP Insider,VIP early access inside,false,true
E000447,C0049,james.0049@example.com,email_sent,2026-02-27 21:47:23,Winback,We miss you — come back,false,false
E000448,C0049,james.0049@example.com,email_sent,2025-11-22 00:22:05,Survey,Tell us how we did,false,false
E000449,C0049,james.0049@example.com,email_sent,2026-02-08 01:59:11,Welcome Series,Welcome to your new box!,false,false
E000450,C0049,james.0049@example.com,email_opened,2026-02-09 11:59:11,Welcome Series,Welcome to your new box!,false,true
E000451,C0050,ava.0050@example.com,email_sent,2025-12-26 22:03:49,Winback,We miss you — come back,false,false
E000452,C0050,ava.0050@example.com,email_sent,2026-01-22 06:19:47,Shipping Update,Your box is on the way,false,false
E000453,C0050,ava.0050@example.com,email_opened,2026-01-22 10:19:47,Shipping Update,Your box is on the way,false,true
E000454,C0050,ava.0050@example.com,email_sent,2026-01-03 14:02:16,Survey,Tell us how we did,false,false
E000455,C0050,ava.0050@example.com,email_opened,2026-01-05 23:02:16,Survey,Tell us how we did,false,true
E000456,C0050,ava.0050@example.com,email_sent,2025-09-01 14:20:03,Monthly Picks,This month’s top picks,false,false
E000457,C0050,ava.0050@example.com,email_opened,2025-09-03 06:20:03,Monthly Picks,This month’s top picks,false,true
E000458,C0050,ava.0050@example.com,email_sent,2025-09-22 12:29:48,Welcome Series,Welcome to your new box!,false,false
E000459,C0050,ava.0050@example.com,email_opened,2025-09-25 07:29:48,Welcome Series,Welcome to your new box!,false,true
E000460,C0050,ava.0050@example.com,email_sent,2026-01-27 04:35:45,Survey,Tell us how we did,false,false
E000461,C0050,ava.0050@example.com,email_opened,2026-01-29 09:35:45,Survey,Tell us how we did,false,true
E000462,C0051,oliver.0051@example.com,email_sent,2025-12-02 21:20:40,Winback,We miss you — come back,false,false
E000463,C0051,oliver.0051@example.com,email_sent,2025-10-21 14:51:22,Monthly Picks,This month’s top picks,false,false
E000464,C0051,oliver.0051@example.com,email_opened,2025-10-23 08:51:22,Monthly Picks,This month’s top picks,false,true
E000465,C0051,oliver.0051@example.com,email_sent,2025-09-17 09:19:39,Monthly Picks,This month’s top picks,false,false
E000466,C0051,oliver.0051@example.com,email_opened,2025-09-18 09:19:39,Monthly Picks,This month’s top picks,false,true
E000467,C0051,oliver.0051@example.com,email_sent,2026-02-10 01:53:10,Winback,We miss you — come back,false,false
E000468,C0051,oliver.0051@example.com,email_sent,2025-09-05 00:37:49,Monthly Picks,This month’s top picks,false,false
E000469,C0051,oliver.0051@example.com,email_sent,2026-01-04 15:44:08,Shipping Update,Your box is on the way,false,false
E000470,C0052,harper.0052@example.com,email_sent,2025-11-29 19:03:22,Welcome Series,Welcome to your new box!,false,false
E000471,C0052,harper.0052@example.com,email_opened,2025-11-30 17:03:22,Welcome Series,Welcome to your new box!,false,true
E000472,C0052,harper.0052@example.com,email_clicked,2025-12-01 13:03:22,Welcome Series,Welcome to your new box!,true,true
E000473,C0052,harper.0052@example.com,email_sent,2025-12-26 14:01:58,Winback,We miss you — come back,false,false
E000474,C0052,harper.0052@example.com,email_opened,2025-12-27 02:01:58,Winback,We miss you — come back,false,true
E000475,C0052,harper.0052@example.com,email_sent,2025-12-20 03:32:36,Monthly Picks,This month’s top picks,false,false
E000476,C0052,harper.0052@example.com,email_opened,2025-12-22 23:32:36,Monthly Picks,This month’s top picks,false,true
E000477,C0052,harper.0052@example.com,email_sent,2026-02-08 15:17:56,Winback,We miss you — come back,false,false
E000478,C0052,harper.0052@example.com,email_sent,2025-10-14 14:10:15,Welcome Series,Welcome to your new box!,false,false
E000479,C0053,benjamin.0053@example.com,email_sent,2025-10-26 22:00:00,VIP Insider,VIP early access inside,false,false
E000480,C0053,benjamin.0053@example.com,email_sent,2025-09-26 06:46:22,Winback,We miss you — come back,false,false
E000481,C0053,benjamin.0053@example.com,email_opened,2025-09-27 09:46:22,Winback,We miss you — come back,false,true
E000482,C0053,benjamin.0053@example.com,email_sent,2026-01-20 02:42:18,VIP Insider,VIP early access inside,false,false
E000483,C0053,benjamin.0053@example.com,email_sent,2025-10-06 00:35:04,Winback,We miss you — come back,false,false
E000484,C0053,benjamin.0053@example.com,email_opened,2025-10-06 19:35:04,Winback,We miss you — come back,false,true
E000485,C0053,benjamin.0053@example.com,email_clicked,2025-10-07 04:35:04,Winback,We miss you — come back,true,true
E000486,C0053,benjamin.0053@example.com,email_sent,2025-12-29 22:35:54,Monthly Picks,This month’s top picks,false,false
E000487,C0053,benjamin.0053@example.com,email_opened,2025-12-31 06:35:54,Monthly Picks,This month’s top picks,false,true
E000488,C0054,david.0054@example.com,email_sent,2025-09-03 00:05:44,Welcome Series,Welcome to your new box!,false,false
E000489,C0054,david.0054@example.com,email_opened,2025-09-04 18:05:44,Welcome Series,Welcome to your new box!,false,true
E000490,C0054,david.0054@example.com,email_sent,2026-01-12 08:57:51,Winback,We miss you — come back,false,false
E000491,C0054,david.0054@example.com,email_opened,2026-01-14 10:57:51,Winback,We miss you — come back,false,true
E000492,C0054,david.0054@example.com,email_sent,2025-12-25 23:08:05,Survey,Tell us how we did,false,false
E000493,C0054,david.0054@example.com,email_opened,2025-12-26 12:08:05,Survey,Tell us how we did,false,true
E000494,C0054,david.0054@example.com,email_sent,2025-11-04 15:15:06,Welcome Series,Welcome to your new box!,false,false
E000495,C0054,david.0054@example.com,email_sent,2026-02-24 08:38:32,Winback,We miss you — come back,false,false
E000496,C0054,david.0054@example.com,email_opened,2026-02-24 14:38:32,Winback,We miss you — come back,false,true
E000497,C0054,david.0054@example.com,email_clicked,2026-02-25 07:38:32,Winback,We miss you — come back,true,true
E000498,C0054,david.0054@example.com,email_sent,2025-11-13 23:17:53,Shipping Update,Your box is on the way,false,false
E000499,C0054,david.0054@example.com,email_opened,2025-11-16 02:17:53,Shipping Update,Your box is on the way,false,true
E000500,C0054,david.0054@example.com,email_sent,2026-02-21 06:04:27,Monthly Picks,This month’s top picks,false,false
E000501,C0055,emily.0055@example.com,email_sent,2025-10-03 23:38:06,VIP Insider,VIP early access inside,false,false
E000502,C0055,emily.0055@example.com,email_opened,2025-10-05 19:38:06,VIP Insider,VIP early access inside,false,true
E000503,C0055,emily.0055@example.com,email_sent,2025-09-18 09:47:23,Monthly Picks,This month’s top picks,false,false
E000504,C0055,emily.0055@example.com,email_opened,2025-09-21 05:47:23,Monthly Picks,This month’s top picks,false,true
E000505,C0055,emily.0055@example.com,email_sent,2025-09-23 16:31:24,VIP Insider,VIP early access inside,false,false
E000506,C0055,emily.0055@example.com,email_opened,2025-09-24 09:31:24,VIP Insider,VIP early access inside,false,true
E000507,C0055,emily.0055@example.com,email_sent,2026-01-24 05:06:34,VIP Insider,VIP early access inside,false,false
E000508,C0055,emily.0055@example.com,email_opened,2026-01-26 13:06:34,VIP Insider,VIP early access inside,false,true
E000509,C0055,emily.0055@example.com,email_sent,2025-12-29 00:28:05,VIP Insider,VIP early access inside,false,false
E000510,C0056,ethan.0056@example.com,email_sent,2025-10-31 18:44:01,Shipping Update,Your box is on the way,false,false
E000511,C0056,ethan.0056@example.com,email_opened,2025-11-01 16:44:01,Shipping Update,Your box is on the way,false,true
E000512,C0056,ethan.0056@example.com,email_sent,2026-01-27 06:59:07,Winback,We miss you — come back,false,false
E000513,C0056,ethan.0056@example.com,email_sent,2026-02-13 15:25:29,Shipping Update,Your box is on the way,false,false
E000514,C0056,ethan.0056@example.com,email_sent,2026-02-02 23:58:32,Survey,Tell us how we did,false,false
E000515,C0056,ethan.0056@example.com,email_opened,2026-02-04 00:58:32,Survey,Tell us how we did,false,true
E000516,C0056,ethan.0056@example.com,email_clicked,2026-02-04 08:58:32,Survey,Tell us how we did,true,true
E000517,C0056,ethan.0056@example.com,email_sent,2025-09-07 23:07:48,Monthly Picks,This month’s top picks,false,false
E000518,C0056,ethan.0056@example.com,email_opened,2025-09-08 20:07:48,Monthly Picks,This month’s top picks,false,true
E000519,C0056,ethan.0056@example.com,email_sent,2025-09-23 12:42:40,Winback,We miss you — come back,false,false
E000520,C0057,harper.0057@example.com,email_sent,2025-11-25 17:37:51,Welcome Series,Welcome to your new box!,false,false
E000521,C0057,harper.0057@example.com,email_opened,2025-11-28 17:37:51,Welcome Series,Welcome to your new box!,false,true
E000522,C0057,harper.0057@example.com,email_sent,2025-09-22 20:14:43,Winback,We miss you — come back,false,false
E000523,C0057,harper.0057@example.com,email_sent,2025-09-25 00:16:13,Monthly Picks,This month’s top picks,false,false
E000524,C0057,harper.0057@example.com,email_opened,2025-09-26 03:16:13,Monthly Picks,This month’s top picks,false,true
E000525,C0057,harper.0057@example.com,email_sent,2026-02-10 03:09:57,Monthly Picks,This month’s top picks,false,false
E000526,C0057,harper.0057@example.com,email_opened,2026-02-12 21:09:57,Monthly Picks,This month’s top picks,false,true
E000527,C0057,harper.0057@example.com,email_sent,2026-02-20 23:52:09,Shipping Update,Your box is on the way,false,false
E000528,C0057,harper.0057@example.com,email_sent,2025-12-23 07:31:40,Monthly Picks,This month’s top picks,false,false
E000529,C0057,harper.0057@example.com,email_sent,2025-12-12 03:24:34,Welcome Series,Welcome to your new box!,false,false
E000530,C0058,olivia.0058@example.com,email_sent,2026-02-26 17:26:11,Winback,We miss you — come back,false,false
E000531,C0058,olivia.0058@example.com,email_opened,2026-03-01 09:26:11,Winback,We miss you — come back,false,true
E000532,C0058,olivia.0058@example.com,email_sent,2025-09-06 00:59:32,VIP Insider,VIP early access inside,false,false
E000533,C0058,olivia.0058@example.com,email_opened,2025-09-06 16:59:32,VIP Insider,VIP early access inside,false,true
E000534,C0058,olivia.0058@example.com,email_sent,2026-02-28 10:08:44,Shipping Update,Your box is on the way,false,false
E000535,C0058,olivia.0058@example.com,email_sent,2025-09-30 20:38:44,VIP Insider,VIP early access inside,false,false
E000536,C0058,olivia.0058@example.com,email_opened,2025-10-03 07:38:44,VIP Insider,VIP early access inside,false,true
E000537,C0058,olivia.0058@example.com,email_sent,2025-12-03 04:17:12,Survey,Tell us how we did,false,false
E000538,C0058,olivia.0058@example.com,email_opened,2025-12-04 15:17:12,Survey,Tell us how we did,false,true
E000539,C0059,mia.0059@example.com,email_sent,2025-09-09 12:20:30,VIP Insider,VIP early access inside,false,false
E000540,C0059,mia.0059@example.com,email_sent,2025-11-03 02:12:56,Winback,We miss you — come back,false,false
E000541,C0059,mia.0059@example.com,email_sent,2026-02-24 02:21:34,Survey,Tell us how we did,false,false
E000542,C0059,mia.0059@example.com,email_sent,2025-09-26 02:40:32,Shipping Update,Your box is on the way,false,false
E000543,C0059,mia.0059@example.com,email_opened,2025-09-26 09:40:32,Shipping Update,Your box is on the way,false,true
E000544,C0060,sophia.0060@example.com,email_sent,2026-02-02 23:38:04,VIP Insider,VIP early access inside,false,false
E000545,C0060,sophia.0060@example.com,email_opened,2026-02-03 09:38:04,VIP Insider,VIP early access inside,false,true
E000546,C0060,sophia.0060@example.com,email_sent,2025-11-14 01:24:38,Shipping Update,Your box is on the way,false,false
E000547,C0060,sophia.0060@example.com,email_opened,2025-11-15 10:24:38,Shipping Update,Your box is on the way,false,true
E000548,C0060,sophia.0060@example.com,email_clicked,2025-11-15 23:24:38,Shipping Update,Your box is on the way,true,true
E000549,C0060,sophia.0060@example.com,email_sent,2025-09-04 23:35:34,Welcome Series,Welcome to your new box!,false,false
E000550,C0060,sophia.0060@example.com,email_sent,2025-11-15 10:33:17,Monthly Picks,This month’s top picks,false,false
E000551,C0060,sophia.0060@example.com,email_sent,2026-01-04 16:01:17,VIP Insider,VIP early access inside,false,false
E000552,C0060,sophia.0060@example.com,email_sent,2025-09-30 22:19:10,Survey,Tell us how we did,false,false
E000553,C0060,sophia.0060@example.com,email_opened,2025-10-03 13:19:10,Survey,Tell us how we did,false,true
E000554,C0061,sofia.0061@example.com,email_sent,2025-12-27 04:34:38,Survey,Tell us how we did,false,false
E000555,C0061,sofia.0061@example.com,email_opened,2025-12-27 17:34:38,Survey,Tell us how we did,false,true
E000556,C0061,sofia.0061@example.com,email_sent,2025-10-09 19:28:03,Shipping Update,Your box is on the way,false,false
E000557,C0061,sofia.0061@example.com,email_opened,2025-10-11 21:28:03,Shipping Update,Your box is on the way,false,true
E000558,C0061,sofia.0061@example.com,email_sent,2025-12-26 13:47:26,Shipping Update,Your box is on the way,false,false
E000559,C0061,sofia.0061@example.com,email_opened,2025-12-28 20:47:26,Shipping Update,Your box is on the way,false,true
E000560,C0061,sofia.0061@example.com,email_sent,2025-10-07 04:28:52,Shipping Update,Your box is on the way,false,false
E000561,C0061,sofia.0061@example.com,email_opened,2025-10-09 11:28:52,Shipping Update,Your box is on the way,false,true
E000562,C0061,sofia.0061@example.com,email_clicked,2025-10-10 04:28:52,Shipping Update,Your box is on the way,true,true
E000563,C0061,sofia.0061@example.com,email_sent,2025-11-30 00:10:56,VIP Insider,VIP early access inside,false,false
E000564,C0061,sofia.0061@example.com,email_sent,2026-01-12 06:05:38,Survey,Tell us how we did,false,false
E000565,C0062,aiden.0062@example.com,email_sent,2026-01-01 05:57:37,Shipping Update,Your box is on the way,false,false
E000566,C0062,aiden.0062@example.com,email_sent,2025-10-27 10:46:27,Welcome Series,Welcome to your new box!,false,false
E000567,C0062,aiden.0062@example.com,email_opened,2025-10-27 21:46:27,Welcome Series,Welcome to your new box!,false,true
E000568,C0062,aiden.0062@example.com,email_sent,2025-10-29 07:56:02,Winback,We miss you — come back,false,false
E000569,C0062,aiden.0062@example.com,email_opened,2025-10-30 00:56:02,Winback,We miss you — come back,false,true
E000570,C0062,aiden.0062@example.com,email_sent,2026-02-11 09:51:04,VIP Insider,VIP early access inside,false,false
E000571,C0062,aiden.0062@example.com,email_opened,2026-02-13 16:51:04,VIP Insider,VIP early access inside,false,true
E000572,C0062,aiden.0062@example.com,email_sent,2025-12-16 23:49:10,Welcome Series,Welcome to your new box!,false,false
E000573,C0062,aiden.0062@example.com,email_opened,2025-12-17 05:49:10,Welcome Series,Welcome to your new box!,false,true
E000574,C0062,aiden.0062@example.com,email_sent,2025-11-22 12:14:25,Shipping Update,Your box is on the way,false,false
E000575,C0062,aiden.0062@example.com,email_opened,2025-11-25 00:14:25,Shipping Update,Your box is on the way,false,true
E000576,C0062,aiden.0062@example.com,email_sent,2026-02-05 20:02:16,Shipping Update,Your box is on the way,false,false
E000577,C0062,aiden.0062@example.com,email_opened,2026-02-07 05:02:16,Shipping Update,Your box is on the way,false,true
E000578,C0063,olivia.0063@example.com,email_sent,2026-01-22 19:03:19,Welcome Series,Welcome to your new box!,false,false
E000579,C0063,olivia.0063@example.com,email_sent,2026-01-31 15:51:02,Monthly Picks,This month’s top picks,false,false
E000580,C0063,olivia.0063@example.com,email_opened,2026-02-02 18:51:02,Monthly Picks,This month’s top picks,false,true
E000581,C0063,olivia.0063@example.com,email_clicked,2026-02-03 08:51:02,Monthly Picks,This month’s top picks,true,true
E000582,C0063,olivia.0063@example.com,email_sent,2025-10-28 19:08:16,Survey,Tell us how we did,false,false
E000583,C0063,olivia.0063@example.com,email_opened,2025-10-31 06:08:16,Survey,Tell us how we did,false,true
E000584,C0063,olivia.0063@example.com,email_sent,2025-12-31 03:10:01,Winback,We miss you — come back,false,false
E000585,C0064,olivia.0064@example.com,email_sent,2025-10-11 23:38:59,Monthly Picks,This month’s top picks,false,false
E000586,C0064,olivia.0064@example.com,email_opened,2025-10-13 09:38:59,Monthly Picks,This month’s top picks,false,true
E000587,C0064,olivia.0064@example.com,email_sent,2025-11-24 05:38:58,Welcome Series,Welcome to your new box!,false,false
E000588,C0064,olivia.0064@example.com,email_opened,2025-11-24 06:38:58,Welcome Series,Welcome to your new box!,false,true
E000589,C0064,olivia.0064@example.com,email_sent,2025-10-04 08:20:41,Welcome Series,Welcome to your new box!,false,false
E000590,C0064,olivia.0064@example.com,email_sent,2026-01-13 08:03:02,Winback,We miss you — come back,false,false
E000591,C0064,olivia.0064@example.com,email_opened,2026-01-15 23:03:02,Winback,We miss you — come back,false,true
E000592,C0064,olivia.0064@example.com,email_sent,2025-11-10 01:07:04,Shipping Update,Your box is on the way,false,false
E000593,C0064,olivia.0064@example.com,email_sent,2026-01-10 02:12:16,Survey,Tell us how we did,false,false
E000594,C0064,olivia.0064@example.com,email_opened,2026-01-11 17:12:16,Survey,Tell us how we did,false,true
E000595,C0064,olivia.0064@example.com,email_clicked,2026-01-11 22:12:16,Survey,Tell us how we did,true,true
E000596,C0065,olivia.0065@example.com,email_sent,2025-09-22 17:33:00,Monthly Picks,This month’s top picks,false,false
E000597,C0065,olivia.0065@example.com,email_sent,2025-10-07 13:10:26,Survey,Tell us how we did,false,false
E000598,C0065,olivia.0065@example.com,email_sent,2025-12-03 10:10:07,Monthly Picks,This month’s top picks,false,false
E000599,C0065,olivia.0065@example.com,email_sent,2025-10-17 22:46:38,Survey,Tell us how we did,false,false
E000600,C0065,olivia.0065@example.com,email_opened,2025-10-20 19:46:38,Survey,Tell us how we did,false,true
E000601,C0065,olivia.0065@example.com,email_clicked,2025-10-21 05:46:38,Survey,Tell us how we did,true,true
E000602,C0066,scarlett.0066@example.com,email_sent,2025-12-02 00:56:57,Monthly Picks,This month’s top picks,false,false
E000603,C0066,scarlett.0066@example.com,email_opened,2025-12-02 15:56:57,Monthly Picks,This month’s top picks,false,true
E000604,C0066,scarlett.0066@example.com,email_clicked,2025-12-02 20:56:57,Monthly Picks,This month’s top picks,true,true
E000605,C0066,scarlett.0066@example.com,email_sent,2026-01-15 10:20:40,Survey,Tell us how we did,false,false
E000606,C0066,scarlett.0066@example.com,email_opened,2026-01-18 01:20:40,Survey,Tell us how we did,false,true
E000607,C0066,scarlett.0066@example.com,email_sent,2025-12-23 15:21:07,Winback,We miss you — come back,false,false
E000608,C0066,scarlett.0066@example.com,email_opened,2025-12-25 05:21:07,Winback,We miss you — come back,false,true
E000609,C0066,scarlett.0066@example.com,email_sent,2025-09-10 21:18:52,Winback,We miss you — come back,false,false
E000610,C0066,scarlett.0066@example.com,email_opened,2025-09-11 11:18:52,Winback,We miss you — come back,false,true
E000611,C0066,scarlett.0066@example.com,email_sent,2025-11-23 20:16:39,Survey,Tell us how we did,false,false
E000612,C0066,scarlett.0066@example.com,email_sent,2026-01-22 03:02:02,Winback,We miss you — come back,false,false
E000613,C0066,scarlett.0066@example.com,email_sent,2025-12-17 15:14:46,Survey,Tell us how we did,false,false
E000614,C0067,ava.0067@example.com,email_sent,2025-11-17 14:38:43,Winback,We miss you — come back,false,false
E000615,C0067,ava.0067@example.com,email_opened,2025-11-20 05:38:43,Winback,We miss you — come back,false,true
E000616,C0067,ava.0067@example.com,email_clicked,2025-11-20 07:38:43,Winback,We miss you — come back,true,true
E000617,C0067,ava.0067@example.com,email_sent,2025-09-04 16:38:16,Shipping Update,Your box is on the way,false,false
E000618,C0067,ava.0067@example.com,email_opened,2025-09-06 09:38:16,Shipping Update,Your box is on the way,false,true
E000619,C0067,ava.0067@example.com,email_sent,2026-02-21 09:06:33,VIP Insider,VIP early access inside,false,false
E000620,C0067,ava.0067@example.com,email_sent,2025-09-23 16:59:00,Winback,We miss you — come back,false,false
E000621,C0067,ava.0067@example.com,email_opened,2025-09-25 13:59:00,Winback,We miss you — come back,false,true
E000622,C0068,isabella.0068@example.com,email_sent,2025-10-02 07:52:05,Welcome Series,Welcome to your new box!,false,false
E000623,C0068,isabella.0068@example.com,email_opened,2025-10-03 08:52:05,Welcome Series,Welcome to your new box!,false,true
E000624,C0068,isabella.0068@example.com,email_sent,2025-10-16 01:40:44,Winback,We miss you — come back,false,false
E000625,C0068,isabella.0068@example.com,email_opened,2025-10-17 21:40:44,Winback,We miss you — come back,false,true
E000626,C0068,isabella.0068@example.com,email_sent,2026-01-06 13:38:48,Survey,Tell us how we did,false,false
E000627,C0068,isabella.0068@example.com,email_opened,2026-01-08 03:38:48,Survey,Tell us how we did,false,true
E000628,C0068,isabella.0068@example.com,email_sent,2025-11-20 22:42:48,Winback,We miss you — come back,false,false
E000629,C0068,isabella.0068@example.com,email_sent,2026-01-05 16:52:16,Survey,Tell us how we did,false,false
E000630,C0068,isabella.0068@example.com,email_sent,2026-02-03 07:07:43,Winback,We miss you — come back,false,false
E000631,C0068,isabella.0068@example.com,email_sent,2025-12-30 17:59:43,Monthly Picks,This month’s top picks,false,false
E000632,C0068,isabella.0068@example.com,email_opened,2025-12-31 05:59:43,Monthly Picks,This month’s top picks,false,true
E000633,C0069,david.0069@example.com,email_sent,2025-10-09 17:39:49,Monthly Picks,This month’s top picks,false,false
E000634,C0069,david.0069@example.com,email_opened,2025-10-12 08:39:49,Monthly Picks,This month’s top picks,false,true
E000635,C0069,david.0069@example.com,email_clicked,2025-10-12 22:39:49,Monthly Picks,This month’s top picks,true,true
E000636,C0069,david.0069@example.com,email_sent,2025-10-29 23:07:13,Winback,We miss you — come back,false,false
E000637,C0069,david.0069@example.com,email_opened,2025-11-01 23:07:13,Winback,We miss you — come back,false,true
E000638,C0069,david.0069@example.com,email_clicked,2025-11-02 00:07:13,Winback,We miss you — come back,true,true
E000639,C0069,david.0069@example.com,email_sent,2026-02-19 01:19:12,VIP Insider,VIP early access inside,false,false
E000640,C0069,david.0069@example.com,email_opened,2026-02-19 22:19:12,VIP Insider,VIP early access inside,false,true
E000641,C0069,david.0069@example.com,email_clicked,2026-02-20 15:19:12,VIP Insider,VIP early access inside,true,true
E000642,C0069,david.0069@example.com,email_sent,2026-02-04 16:01:58,Welcome Series,Welcome to your new box!,false,false
E000643,C0069,david.0069@example.com,email_opened,2026-02-07 00:01:58,Welcome Series,Welcome to your new box!,false,true
E000644,C0069,david.0069@example.com,email_clicked,2026-02-07 08:01:58,Welcome Series,Welcome to your new box!,true,true
E000645,C0069,david.0069@example.com,email_sent,2025-12-19 03:01:24,Welcome Series,Welcome to your new box!,false,false
E000646,C0069,david.0069@example.com,email_opened,2025-12-20 13:01:24,Welcome Series,Welcome to your new box!,false,true
E000647,C0070,mason.0070@example.com,email_sent,2026-01-28 12:54:08,Welcome Series,Welcome to your new box!,false,false
E000648,C0070,mason.0070@example.com,email_sent,2026-02-22 01:08:35,VIP Insider,VIP early access inside,false,false
E000649,C0070,mason.0070@example.com,email_opened,2026-02-24 19:08:35,VIP Insider,VIP early access inside,false,true
E000650,C0070,mason.0070@example.com,email_sent,2026-01-16 04:05:07,Welcome Series,Welcome to your new box!,false,false
E000651,C0070,mason.0070@example.com,email_opened,2026-01-18 13:05:07,Welcome Series,Welcome to your new box!,false,true
E000652,C0070,mason.0070@example.com,email_sent,2025-09-21 13:29:30,Welcome Series,Welcome to your new box!,false,false
E000653,C0070,mason.0070@example.com,email_sent,2026-01-30 21:06:44,Shipping Update,Your box is on the way,false,false
E000654,C0070,mason.0070@example.com,email_sent,2026-02-07 22:18:06,Welcome Series,Welcome to your new box!,false,false
E000655,C0071,matthew.0071@example.com,email_sent,2026-01-01 07:40:06,Monthly Picks,This month’s top picks,false,false
E000656,C0071,matthew.0071@example.com,email_opened,2026-01-02 10:40:06,Monthly Picks,This month’s top picks,false,true
E000657,C0071,matthew.0071@example.com,email_sent,2026-01-20 10:21:13,Monthly Picks,This month’s top picks,false,false
E000658,C0071,matthew.0071@example.com,email_opened,2026-01-22 19:21:13,Monthly Picks,This month’s top picks,false,true
E000659,C0071,matthew.0071@example.com,email_sent,2026-01-21 05:56:21,Winback,We miss you — come back,false,false
E000660,C0071,matthew.0071@example.com,email_sent,2026-01-04 15:40:18,Monthly Picks,This month’s top picks,false,false
E000661,C0071,matthew.0071@example.com,email_opened,2026-01-05 09:40:18,Monthly Picks,This month’s top picks,false,true
E000662,C0071,matthew.0071@example.com,email_clicked,2026-01-05 16:40:18,Monthly Picks,This month’s top picks,true,true
E000663,C0072,elijah.0072@example.com,email_sent,2026-01-28 08:49:18,Winback,We miss you — come back,false,false
E000664,C0072,elijah.0072@example.com,email_sent,2026-02-10 02:30:44,Monthly Picks,This month’s top picks,false,false
E000665,C0072,elijah.0072@example.com,email_sent,2025-10-26 16:23:25,VIP Insider,VIP early access inside,false,false
E000666,C0072,elijah.0072@example.com,email_opened,2025-10-27 03:23:25,VIP Insider,VIP early access inside,false,true
E000667,C0072,elijah.0072@example.com,email_sent,2026-01-25 13:50:01,Survey,Tell us how we did,false,false
E000668,C0072,elijah.0072@example.com,email_opened,2026-01-26 21:50:01,Survey,Tell us how we did,false,true
E000669,C0072,elijah.0072@example.com,email_clicked,2026-01-27 14:50:01,Survey,Tell us how we did,true,true
E000670,C0072,elijah.0072@example.com,email_sent,2026-01-31 20:41:28,Winback,We miss you — come back,false,false
E000671,C0072,elijah.0072@example.com,email_opened,2026-02-03 03:41:28,Winback,We miss you — come back,false,true
E000672,C0072,elijah.0072@example.com,email_sent,2026-02-22 09:17:14,Winback,We miss you — come back,false,false
E000673,C0072,elijah.0072@example.com,email_opened,2026-02-25 04:17:14,Winback,We miss you — come back,false,true
E000674,C0072,elijah.0072@example.com,email_sent,2025-09-06 18:42:19,VIP Insider,VIP early access inside,false,false
E000675,C0072,elijah.0072@example.com,email_opened,2025-09-06 20:42:19,VIP Insider,VIP early access inside,false,true
E000676,C0073,sofia.0073@example.com,email_sent,2025-11-05 16:36:33,Welcome Series,Welcome to your new box!,false,false
E000677,C0073,sofia.0073@example.com,email_opened,2025-11-06 14:36:33,Welcome Series,Welcome to your new box!,false,true
E000678,C0073,sofia.0073@example.com,email_sent,2026-01-26 10:05:34,Winback,We miss you — come back,false,false
E000679,C0073,sofia.0073@example.com,email_opened,2026-01-27 06:05:34,Winback,We miss you — come back,false,true
E000680,C0073,sofia.0073@example.com,email_sent,2026-01-01 15:30:16,Welcome Series,Welcome to your new box!,false,false
E000681,C0073,sofia.0073@example.com,email_sent,2026-02-18 01:35:09,Survey,Tell us how we did,false,false
E000682,C0073,sofia.0073@example.com,email_opened,2026-02-19 15:35:09,Survey,Tell us how we did,false,true
E000683,C0074,david.0074@example.com,email_sent,2026-01-23 05:13:16,Survey,Tell us how we did,false,false
E000684,C0074,david.0074@example.com,email_opened,2026-01-25 02:13:16,Survey,Tell us how we did,false,true
E000685,C0074,david.0074@example.com,email_clicked,2026-01-25 11:13:16,Survey,Tell us how we did,true,true
E000686,C0074,david.0074@example.com,email_sent,2025-12-28 12:40:30,Shipping Update,Your box is on the way,false,false
E000687,C0074,david.0074@example.com,email_sent,2025-11-18 10:29:16,Survey,Tell us how we did,false,false
E000688,C0074,david.0074@example.com,email_opened,2025-11-19 13:29:16,Survey,Tell us how we did,false,true
E000689,C0074,david.0074@example.com,email_sent,2026-02-01 01:56:16,Shipping Update,Your box is on the way,false,false
E000690,C0074,david.0074@example.com,email_sent,2026-01-14 10:27:01,Winback,We miss you — come back,false,false
E000691,C0074,david.0074@example.com,email_opened,2026-01-16 14:27:01,Winback,We miss you — come back,false,true
E000692,C0074,david.0074@example.com,email_sent,2025-09-17 08:46:39,VIP Insider,VIP early access inside,false,false
E000693,C0074,david.0074@example.com,email_opened,2025-09-19 03:46:39,VIP Insider,VIP early access inside,false,true
E000694,C0075,amelia.0075@example.com,email_sent,2025-12-15 00:15:54,Shipping Update,Your box is on the way,false,false
E000695,C0075,amelia.0075@example.com,email_opened,2025-12-15 12:15:54,Shipping Update,Your box is on the way,false,true
E000696,C0075,amelia.0075@example.com,email_sent,2025-12-11 05:36:04,VIP Insider,VIP early access inside,false,false
E000697,C0075,amelia.0075@example.com,email_opened,2025-12-12 02:36:04,VIP Insider,VIP early access inside,false,true
E000698,C0075,amelia.0075@example.com,email_clicked,2025-12-12 20:36:04,VIP Insider,VIP early access inside,true,true
E000699,C0075,amelia.0075@example.com,email_sent,2025-10-21 05:35:01,Shipping Update,Your box is on the way,false,false
E000700,C0075,amelia.0075@example.com,email_opened,2025-10-22 20:35:01,Shipping Update,Your box is on the way,false,true
E000701,C0075,amelia.0075@example.com,email_sent,2025-09-22 10:41:47,Shipping Update,Your box is on the way,false,false
E000702,C0075,amelia.0075@example.com,email_sent,2025-10-21 10:33:10,VIP Insider,VIP early access inside,false,false
E000703,C0076,amelia.0076@example.com,email_sent,2025-09-10 06:27:04,Welcome Series,Welcome to your new box!,false,false
E000704,C0076,amelia.0076@example.com,email_sent,2025-11-27 03:15:55,Welcome Series,Welcome to your new box!,false,false
E000705,C0076,amelia.0076@example.com,email_opened,2025-11-27 04:15:55,Welcome Series,Welcome to your new box!,false,true
E000706,C0076,amelia.0076@example.com,email_sent,2026-02-04 09:22:41,Monthly Picks,This month’s top picks,false,false
E000707,C0076,amelia.0076@example.com,email_sent,2025-12-19 19:52:26,Shipping Update,Your box is on the way,false,false
E000708,C0076,amelia.0076@example.com,email_sent,2026-01-08 05:33:01,Survey,Tell us how we did,false,false
E000709,C0076,amelia.0076@example.com,email_opened,2026-01-09 11:33:01,Survey,Tell us how we did,false,true
E000710,C0076,amelia.0076@example.com,email_sent,2026-01-08 12:05:00,VIP Insider,VIP early access inside,false,false
E000711,C0077,noah.0077@example.com,email_sent,2025-11-13 08:02:59,Survey,Tell us how we did,false,false
E000712,C0077,noah.0077@example.com,email_opened,2025-11-14 16:02:59,Survey,Tell us how we did,false,true
E000713,C0077,noah.0077@example.com,email_clicked,2025-11-15 09:02:59,Survey,Tell us how we did,true,true
E000714,C0077,noah.0077@example.com,email_sent,2025-10-08 09:22:21,Shipping Update,Your box is on the way,false,false
E000715,C0077,noah.0077@example.com,email_sent,2025-11-28 05:14:10,VIP Insider,VIP early access inside,false,false
E000716,C0077,noah.0077@example.com,email_opened,2025-11-30 12:14:10,VIP Insider,VIP early access inside,false,true
E000717,C0077,noah.0077@example.com,email_sent,2025-09-18 21:54:34,Welcome Series,Welcome to your new box!,false,false
E000718,C0077,noah.0077@example.com,email_opened,2025-09-19 14:54:34,Welcome Series,Welcome to your new box!,false,true
E000719,C0077,noah.0077@example.com,email_sent,2025-09-16 03:50:42,Winback,We miss you — come back,false,false
E000720,C0077,noah.0077@example.com,email_opened,2025-09-18 23:50:42,Winback,We miss you — come back,false,true
E000721,C0078,logan.0078@example.com,email_sent,2025-12-23 11:03:10,VIP Insider,VIP early access inside,false,false
E000722,C0078,logan.0078@example.com,email_opened,2025-12-25 18:03:10,VIP Insider,VIP early access inside,false,true
E000723,C0078,logan.0078@example.com,email_sent,2026-02-28 18:56:25,Survey,Tell us how we did,false,false
E000724,C0078,logan.0078@example.com,email_sent,2025-11-20 22:59:56,Survey,Tell us how we did,false,false
E000725,C0078,logan.0078@example.com,email_sent,2025-12-08 05:07:59,Monthly Picks,This month’s top picks,false,false
E000726,C0078,logan.0078@example.com,email_opened,2025-12-10 16:07:59,Monthly Picks,This month’s top picks,false,true
E000727,C0078,logan.0078@example.com,email_clicked,2025-12-11 15:07:59,Monthly Picks,This month’s top picks,true,true
E000728,C0078,logan.0078@example.com,email_sent,2026-02-15 15:08:15,Shipping Update,Your box is on the way,false,false
E000729,C0078,logan.0078@example.com,email_opened,2026-02-16 19:08:15,Shipping Update,Your box is on the way,false,true
E000730,C0078,logan.0078@example.com,email_sent,2026-01-23 22:55:29,Welcome Series,Welcome to your new box!,false,false
E000731,C0078,logan.0078@example.com,email_opened,2026-01-26 22:55:29,Welcome Series,Welcome to your new box!,false,true
E000732,C0078,logan.0078@example.com,email_sent,2025-12-26 19:39:36,Welcome Series,Welcome to your new box!,false,false
E000733,C0079,amelia.0079@example.com,email_sent,2025-11-11 18:23:43,Welcome Series,Welcome to your new box!,false,false
E000734,C0079,amelia.0079@example.com,email_sent,2025-12-11 12:19:11,Welcome Series,Welcome to your new box!,false,false
E000735,C0079,amelia.0079@example.com,email_opened,2025-12-13 12:19:11,Welcome Series,Welcome to your new box!,false,true
E000736,C0079,amelia.0079@example.com,email_sent,2025-10-29 21:17:39,VIP Insider,VIP early access inside,false,false
E000737,C0079,amelia.0079@example.com,email_opened,2025-10-30 01:17:39,VIP Insider,VIP early access inside,false,true
E000738,C0079,amelia.0079@example.com,email_sent,2026-01-31 04:44:16,Monthly Picks,This month’s top picks,false,false
E000739,C0080,oliver.0080@example.com,email_sent,2026-02-20 15:18:24,VIP Insider,VIP early access inside,false,false
E000740,C0080,oliver.0080@example.com,email_opened,2026-02-21 15:18:24,VIP Insider,VIP early access inside,false,true
E000741,C0080,oliver.0080@example.com,email_sent,2025-09-01 09:43:13,Winback,We miss you — come back,false,false
E000742,C0080,oliver.0080@example.com,email_opened,2025-09-03 06:43:13,Winback,We miss you — come back,false,true
E000743,C0080,oliver.0080@example.com,email_clicked,2025-09-03 08:43:13,Winback,We miss you — come back,true,true
E000744,C0080,oliver.0080@example.com,email_sent,2025-12-03 10:26:40,Winback,We miss you — come back,false,false
E000745,C0080,oliver.0080@example.com,email_sent,2025-11-27 20:13:03,Shipping Update,Your box is on the way,false,false
E000746,C0081,oliver.0081@example.com,email_sent,2026-02-10 00:51:55,Winback,We miss you — come back,false,false
E000747,C0081,oliver.0081@example.com,email_sent,2025-09-26 18:56:15,Shipping Update,Your box is on the way,false,false
E000748,C0081,oliver.0081@example.com,email_sent,2026-01-02 14:07:11,Shipping Update,Your box is on the way,false,false
E000749,C0081,oliver.0081@example.com,email_opened,2026-01-05 00:07:11,Shipping Update,Your box is on the way,false,true
E000750,C0081,oliver.0081@example.com,email_sent,2026-02-16 05:27:46,Monthly Picks,This month’s top picks,false,false
E000751,C0081,oliver.0081@example.com,email_sent,2026-02-03 07:23:32,Welcome Series,Welcome to your new box!,false,false
E000752,C0081,oliver.0081@example.com,email_sent,2025-11-19 13:00:22,Shipping Update,Your box is on the way,false,false
E000753,C0081,oliver.0081@example.com,email_opened,2025-11-21 16:00:22,Shipping Update,Your box is on the way,false,true
E000754,C0081,oliver.0081@example.com,email_sent,2026-01-09 04:29:41,Welcome Series,Welcome to your new box!,false,false
E000755,C0082,harper.0082@example.com,email_sent,2025-09-18 04:34:45,Survey,Tell us how we did,false,false
E000756,C0082,harper.0082@example.com,email_sent,2025-09-05 19:35:43,Survey,Tell us how we did,false,false
E000757,C0082,harper.0082@example.com,email_sent,2025-10-30 23:20:10,Survey,Tell us how we did,false,false
E000758,C0082,harper.0082@example.com,email_sent,2026-01-04 00:51:27,Welcome Series,Welcome to your new box!,false,false
E000759,C0082,harper.0082@example.com,email_sent,2025-12-30 03:22:11,Monthly Picks,This month’s top picks,false,false
E000760,C0082,harper.0082@example.com,email_opened,2025-12-30 10:22:11,Monthly Picks,This month’s top picks,false,true
E000761,C0082,harper.0082@example.com,email_sent,2025-10-07 18:38:55,Shipping Update,Your box is on the way,false,false
E000762,C0083,ella.0083@example.com,email_sent,2026-01-06 19:41:16,Welcome Series,Welcome to your new box!,false,false
E000763,C0083,ella.0083@example.com,email_sent,2025-09-04 16:25:23,Monthly Picks,This month’s top picks,false,false
E000764,C0083,ella.0083@example.com,email_opened,2025-09-05 19:25:23,Monthly Picks,This month’s top picks,false,true
E000765,C0083,ella.0083@example.com,email_clicked,2025-09-06 18:25:23,Monthly Picks,This month’s top picks,true,true
E000766,C0083,ella.0083@example.com,email_sent,2025-11-26 06:15:33,Shipping Update,Your box is on the way,false,false
E000767,C0083,ella.0083@example.com,email_opened,2025-11-29 03:15:33,Shipping Update,Your box is on the way,false,true
E000768,C0083,ella.0083@example.com,email_sent,2025-12-24 08:26:25,Winback,We miss you — come back,false,false
E000769,C0083,ella.0083@example.com,email_opened,2025-12-24 11:26:25,Winback,We miss you — come back,false,true
E000770,C0084,ella.0084@example.com,email_sent,2025-09-05 16:06:48,Winback,We miss you — come back,false,false
E000771,C0084,ella.0084@example.com,email_sent,2025-11-14 04:18:00,VIP Insider,VIP early access inside,false,false
E000772,C0084,ella.0084@example.com,email_opened,2025-11-14 19:18:00,VIP Insider,VIP early access inside,false,true
E000773,C0084,ella.0084@example.com,email_sent,2025-10-03 15:39:49,Shipping Update,Your box is on the way,false,false
E000774,C0084,ella.0084@example.com,email_opened,2025-10-04 15:39:49,Shipping Update,Your box is on the way,false,true
E000775,C0084,ella.0084@example.com,email_sent,2025-09-30 22:45:05,Welcome Series,Welcome to your new box!,false,false
E000776,C0084,ella.0084@example.com,email_opened,2025-10-03 03:45:05,Welcome Series,Welcome to your new box!,false,true
E000777,C0084,ella.0084@example.com,email_sent,2025-12-29 07:39:46,Welcome Series,Welcome to your new box!,false,false
E000778,C0085,camila.0085@example.com,email_sent,2026-01-17 12:13:18,Welcome Series,Welcome to your new box!,false,false
E000779,C0085,camila.0085@example.com,email_opened,2026-01-19 14:13:18,Welcome Series,Welcome to your new box!,false,true
E000780,C0085,camila.0085@example.com,email_clicked,2026-01-19 19:13:18,Welcome Series,Welcome to your new box!,true,true
E000781,C0085,camila.0085@example.com,email_sent,2026-02-21 09:43:58,Winback,We miss you — come back,false,false
E000782,C0085,camila.0085@example.com,email_opened,2026-02-23 10:43:58,Winback,We miss you — come back,false,true
E000783,C0085,camila.0085@example.com,email_sent,2025-09-11 01:46:10,Welcome Series,Welcome to your new box!,false,false
E000784,C0085,camila.0085@example.com,email_opened,2025-09-12 08:46:10,Welcome Series,Welcome to your new box!,false,true
E000785,C0085,camila.0085@example.com,email_sent,2025-11-14 18:27:24,Shipping Update,Your box is on the way,false,false
E000786,C0085,camila.0085@example.com,email_sent,2025-09-12 18:33:55,VIP Insider,VIP early access inside,false,false
E000787,C0085,camila.0085@example.com,email_opened,2025-09-15 17:33:55,VIP Insider,VIP early access inside,false,true
E000788,C0086,henry.0086@example.com,email_sent,2025-11-19 03:03:31,Welcome Series,Welcome to your new box!,false,false
E000789,C0086,henry.0086@example.com,email_sent,2025-10-23 06:22:31,Welcome Series,Welcome to your new box!,false,false
E000790,C0086,henry.0086@example.com,email_sent,2026-01-10 02:10:55,Shipping Update,Your box is on the way,false,false
E000791,C0086,henry.0086@example.com,email_opened,2026-01-13 02:10:55,Shipping Update,Your box is on the way,false,true
E000792,C0086,henry.0086@example.com,email_sent,2025-10-30 03:35:55,Monthly Picks,This month’s top picks,false,false
E000793,C0086,henry.0086@example.com,email_sent,2025-09-17 07:02:28,Winback,We miss you — come back,false,false
E000794,C0086,henry.0086@example.com,email_sent,2025-10-10 12:10:40,Shipping Update,Your box is on the way,false,false
E000795,C0086,henry.0086@example.com,email_sent,2025-11-12 11:43:42,Monthly Picks,This month’s top picks,false,false
E000796,C0086,henry.0086@example.com,email_opened,2025-11-13 09:43:42,Monthly Picks,This month’s top picks,false,true
E000797,C0087,liam.0087@example.com,email_sent,2025-11-27 17:16:13,Shipping Update,Your box is on the way,false,false
E000798,C0087,liam.0087@example.com,email_opened,2025-11-30 05:16:13,Shipping Update,Your box is on the way,false,true
E000799,C0087,liam.0087@example.com,email_sent,2025-10-27 04:00:00,Shipping Update,Your box is on the way,false,false
E000800,C0087,liam.0087@example.com,email_sent,2025-09-01 02:31:48,Monthly Picks,This month’s top picks,false,false
E000801,C0087,liam.0087@example.com,email_opened,2025-09-03 16:31:48,Monthly Picks,This month’s top picks,false,true
E000802,C0087,liam.0087@example.com,email_sent,2026-02-11 00:17:46,VIP Insider,VIP early access inside,false,false
E000803,C0087,liam.0087@example.com,email_sent,2026-02-11 14:02:55,VIP Insider,VIP early access inside,false,false
E000804,C0087,liam.0087@example.com,email_sent,2026-02-11 05:52:20,Shipping Update,Your box is on the way,false,false
E000805,C0087,liam.0087@example.com,email_opened,2026-02-11 11:52:20,Shipping Update,Your box is on the way,false,true
E000806,C0087,liam.0087@example.com,email_clicked,2026-02-12 05:52:20,Shipping Update,Your box is on the way,true,true
E000807,C0087,liam.0087@example.com,email_sent,2025-09-14 13:55:18,Shipping Update,Your box is on the way,false,false
E000808,C0087,liam.0087@example.com,email_opened,2025-09-16 16:55:18,Shipping Update,Your box is on the way,false,true
E000809,C0088,sofia.0088@example.com,email_sent,2025-12-18 01:22:49,Survey,Tell us how we did,false,false
E000810,C0088,sofia.0088@example.com,email_sent,2025-10-11 22:37:58,Winback,We miss you — come back,false,false
E000811,C0088,sofia.0088@example.com,email_sent,2026-02-19 15:25:11,VIP Insider,VIP early access inside,false,false
E000812,C0088,sofia.0088@example.com,email_sent,2026-01-02 08:06:22,VIP Insider,VIP early access inside,false,false
E000813,C0088,sofia.0088@example.com,email_opened,2026-01-04 18:06:22,VIP Insider,VIP early access inside,false,true
E000814,C0088,sofia.0088@example.com,email_sent,2025-11-02 10:56:34,Survey,Tell us how we did,false,false
E000815,C0088,sofia.0088@example.com,email_opened,2025-11-04 21:56:34,Survey,Tell us how we did,false,true
E000816,C0089,ethan.0089@example.com,email_sent,2026-02-25 11:38:01,Welcome Series,Welcome to your new box!,false,false
E000817,C0089,ethan.0089@example.com,email_sent,2026-02-27 02:01:58,Survey,Tell us how we did,false,false
E000818,C0089,ethan.0089@example.com,email_opened,2026-03-01 15:01:58,Survey,Tell us how we did,false,true
E000819,C0089,ethan.0089@example.com,email_clicked,2026-03-01 16:01:58,Survey,Tell us how we did,true,true
E000820,C0089,ethan.0089@example.com,email_sent,2025-10-04 16:44:11,Survey,Tell us how we did,false,false
E000821,C0089,ethan.0089@example.com,email_opened,2025-10-07 07:44:11,Survey,Tell us how we did,false,true
E000822,C0089,ethan.0089@example.com,email_sent,2025-09-16 18:10:50,Shipping Update,Your box is on the way,false,false
E000823,C0089,ethan.0089@example.com,email_sent,2026-01-05 11:07:18,Survey,Tell us how we did,false,false
E000824,C0089,ethan.0089@example.com,email_opened,2026-01-05 15:07:18,Survey,Tell us how we did,false,true
E000825,C0089,ethan.0089@example.com,email_sent,2025-11-26 10:40:26,Survey,Tell us how we did,false,false
E000826,C0090,wyatt.0090@example.com,email_sent,2026-02-08 16:16:29,Winback,We miss you — come back,false,false
E000827,C0090,wyatt.0090@example.com,email_sent,2025-10-05 09:44:58,Winback,We miss you — come back,false,false
E000828,C0090,wyatt.0090@example.com,email_sent,2025-09-02 15:17:35,Survey,Tell us how we did,false,false
E000829,C0090,wyatt.0090@example.com,email_opened,2025-09-04 15:17:35,Survey,Tell us how we did,false,true
E000830,C0090,wyatt.0090@example.com,email_sent,2025-09-02 19:38:10,Winback,We miss you — come back,false,false
E000831,C0090,wyatt.0090@example.com,email_opened,2025-09-02 22:38:10,Winback,We miss you — come back,false,true
E000832,C0090,wyatt.0090@example.com,email_sent,2026-02-26 22:01:44,Survey,Tell us how we did,false,false
E000833,C0090,wyatt.0090@example.com,email_sent,2025-09-18 11:16:27,Monthly Picks,This month’s top picks,false,false
E000834,C0091,joseph.0091@example.com,email_sent,2025-10-13 22:37:22,Survey,Tell us how we did,false,false
E000835,C0091,joseph.0091@example.com,email_opened,2025-10-16 14:37:22,Survey,Tell us how we did,false,true
E000836,C0091,joseph.0091@example.com,email_sent,2025-10-25 12:25:10,Welcome Series,Welcome to your new box!,false,false
E000837,C0091,joseph.0091@example.com,email_opened,2025-10-26 15:25:10,Welcome Series,Welcome to your new box!,false,true
E000838,C0091,joseph.0091@example.com,email_clicked,2025-10-27 12:25:10,Welcome Series,Welcome to your new box!,true,true
E000839,C0091,joseph.0091@example.com,email_sent,2025-09-22 13:02:53,Winback,We miss you — come back,false,false
E000840,C0091,joseph.0091@example.com,email_sent,2025-12-07 03:41:11,Shipping Update,Your box is on the way,false,false
E000841,C0091,joseph.0091@example.com,email_opened,2025-12-10 02:41:11,Shipping Update,Your box is on the way,false,true
E000842,C0091,joseph.0091@example.com,email_clicked,2025-12-11 02:41:11,Shipping Update,Your box is on the way,true,true
E000843,C0091,joseph.0091@example.com,email_sent,2026-01-09 12:33:54,Shipping Update,Your box is on the way,false,false
E000844,C0091,joseph.0091@example.com,email_sent,2025-10-05 02:01:25,Shipping Update,Your box is on the way,false,false
E000845,C0091,joseph.0091@example.com,email_opened,2025-10-05 19:01:25,Shipping Update,Your box is on the way,false,true
E000846,C0092,abigail.0092@example.com,email_sent,2025-12-20 15:56:30,VIP Insider,VIP early access inside,false,false
E000847,C0092,abigail.0092@example.com,email_sent,2026-01-20 12:54:53,Shipping Update,Your box is on the way,false,false
E000848,C0092,abigail.0092@example.com,email_sent,2026-02-12 14:24:55,Monthly Picks,This month’s top picks,false,false
E000849,C0092,abigail.0092@example.com,email_sent,2026-01-10 14:28:17,Survey,Tell us how we did,false,false
E000850,C0092,abigail.0092@example.com,email_opened,2026-01-11 23:28:17,Survey,Tell us how we did,false,true
E000851,C0092,abigail.0092@example.com,email_sent,2025-09-01 09:06:38,Winback,We miss you — come back,false,false
E000852,C0093,dylan.0093@example.com,email_sent,2025-11-23 23:49:14,VIP Insider,VIP early access inside,false,false
E000853,C0093,dylan.0093@example.com,email_sent,2025-10-24 05:05:54,Winback,We miss you — come back,false,false
E000854,C0093,dylan.0093@example.com,email_opened,2025-10-27 00:05:54,Winback,We miss you — come back,false,true
E000855,C0093,dylan.0093@example.com,email_sent,2025-12-10 10:35:30,VIP Insider,VIP early access inside,false,false
E000856,C0093,dylan.0093@example.com,email_sent,2025-10-14 14:28:13,Survey,Tell us how we did,false,false
E000857,C0093,dylan.0093@example.com,email_opened,2025-10-16 20:28:13,Survey,Tell us how we did,false,true
E000858,C0094,henry.0094@example.com,email_sent,2025-11-16 02:11:41,Welcome Series,Welcome to your new box!,false,false
E000859,C0094,henry.0094@example.com,email_opened,2025-11-16 13:11:41,Welcome Series,Welcome to your new box!,false,true
E000860,C0094,henry.0094@example.com,email_sent,2026-01-22 04:44:20,Welcome Series,Welcome to your new box!,false,false
E000861,C0094,henry.0094@example.com,email_opened,2026-01-24 11:44:20,Welcome Series,Welcome to your new box!,false,true
E000862,C0094,henry.0094@example.com,email_sent,2025-10-09 05:30:44,Monthly Picks,This month’s top picks,false,false
E000863,C0094,henry.0094@example.com,email_opened,2025-10-10 21:30:44,Monthly Picks,This month’s top picks,false,true
E000864,C0094,henry.0094@example.com,email_clicked,2025-10-11 18:30:44,Monthly Picks,This month’s top picks,true,true
E000865,C0094,henry.0094@example.com,email_sent,2025-09-06 09:53:47,Welcome Series,Welcome to your new box!,false,false
E000866,C0094,henry.0094@example.com,email_opened,2025-09-06 13:53:47,Welcome Series,Welcome to your new box!,false,true
E000867,C0094,henry.0094@example.com,email_sent,2025-11-04 21:57:45,Survey,Tell us how we did,false,false
E000868,C0094,henry.0094@example.com,email_sent,2025-09-21 22:34:25,Monthly Picks,This month’s top picks,false,false
E000869,C0094,henry.0094@example.com,email_opened,2025-09-23 18:34:25,Monthly Picks,This month’s top picks,false,true
E000870,C0095,aria.0095@example.com,email_sent,2026-02-02 04:49:33,Shipping Update,Your box is on the way,false,false
E000871,C0095,aria.0095@example.com,email_opened,2026-02-02 14:49:33,Shipping Update,Your box is on the way,false,true
E000872,C0095,aria.0095@example.com,email_sent,2025-11-25 03:41:43,Shipping Update,Your box is on the way,false,false
E000873,C0095,aria.0095@example.com,email_sent,2025-11-26 16:38:11,Survey,Tell us how we did,false,false
E000874,C0095,aria.0095@example.com,email_sent,2025-09-12 18:49:17,Welcome Series,Welcome to your new box!,false,false
E000875,C0095,aria.0095@example.com,email_sent,2025-10-31 19:59:16,Winback,We miss you — come back,false,false
E000876,C0095,aria.0095@example.com,email_sent,2025-09-13 15:03:12,Survey,Tell us how we did,false,false
E000877,C0096,evelyn.0096@example.com,email_sent,2025-09-11 15:20:04,Winback,We miss you — come back,false,false
E000878,C0096,evelyn.0096@example.com,email_opened,2025-09-13 23:20:04,Winback,We miss you — come back,false,true
E000879,C0096,evelyn.0096@example.com,email_clicked,2025-09-14 21:20:04,Winback,We miss you — come back,true,true
E000880,C0096,evelyn.0096@example.com,email_sent,2025-12-18 14:19:53,Welcome Series,Welcome to your new box!,false,false
E000881,C0096,evelyn.0096@example.com,email_opened,2025-12-20 15:19:53,Welcome Series,Welcome to your new box!,false,true
E000882,C0096,evelyn.0096@example.com,email_sent,2026-01-25 00:24:11,Shipping Update,Your box is on the way,false,false
E000883,C0096,evelyn.0096@example.com,email_opened,2026-01-25 02:24:11,Shipping Update,Your box is on the way,false,true
E000884,C0096,evelyn.0096@example.com,email_sent,2026-02-02 09:44:09,Winback,We miss you — come back,false,false
E000885,C0096,evelyn.0096@example.com,email_opened,2026-02-02 22:44:09,Winback,We miss you — come back,false,true
E000886,C0097,scarlett.0097@example.com,email_sent,2025-12-10 10:23:12,Winback,We miss you — come back,false,false
E000887,C0097,scarlett.0097@example.com,email_opened,2025-12-11 11:23:12,Winback,We miss you — come back,false,true
E000888,C0097,scarlett.0097@example.com,email_clicked,2025-12-11 12:23:12,Winback,We miss you — come back,true,true
E000889,C0097,scarlett.0097@example.com,email_sent,2026-01-17 12:12:58,Shipping Update,Your box is on the way,false,false
E000890,C0097,scarlett.0097@example.com,email_opened,2026-01-18 13:12:58,Shipping Update,Your box is on the way,false,true
E000891,C0097,scarlett.0097@example.com,email_sent,2026-01-02 18:19:49,Monthly Picks,This month’s top picks,false,false
E000892,C0097,scarlett.0097@example.com,email_opened,2026-01-04 16:19:49,Monthly Picks,This month’s top picks,false,true
E000893,C0097,scarlett.0097@example.com,email_sent,2025-12-30 13:22:29,Survey,Tell us how we did,false,false
E000894,C0097,scarlett.0097@example.com,email_opened,2025-12-31 21:22:29,Survey,Tell us how we did,false,true
E000895,C0097,scarlett.0097@example.com,email_clicked,2025-12-31 23:22:29,Survey,Tell us how we did,true,true
E000896,C0098,ethan.0098@example.com,email_sent,2025-10-31 12:28:22,Monthly Picks,This month’s top picks,false,false
E000897,C0098,ethan.0098@example.com,email_sent,2026-01-05 13:09:55,Shipping Update,Your box is on the way,false,false
E000898,C0098,ethan.0098@example.com,email_sent,2025-12-23 08:04:49,VIP Insider,VIP early access inside,false,false
E000899,C0098,ethan.0098@example.com,email_sent,2025-09-29 14:58:33,Monthly Picks,This month’s top picks,false,false
E000900,C0098,ethan.0098@example.com,email_opened,2025-10-01 10:58:33,Monthly Picks,This month’s top picks,false,true
E000901,C0099,daniel.0099@example.com,email_sent,2025-12-23 21:00:29,Shipping Update,Your box is on the way,false,false
E000902,C0099,daniel.0099@example.com,email_sent,2025-09-12 03:07:10,Monthly Picks,This month’s top picks,false,false
E000903,C0099,daniel.0099@example.com,email_opened,2025-09-15 03:07:10,Monthly Picks,This month’s top picks,false,true
E000904,C0099,daniel.0099@example.com,email_sent,2025-11-06 18:17:57,Winback,We miss you — come back,false,false
E000905,C0099,daniel.0099@example.com,email_opened,2025-11-07 20:17:57,Winback,We miss you — come back,false,true
E000906,C0099,daniel.0099@example.com,email_sent,2026-01-31 11:35:40,Monthly Picks,This month’s top picks,false,false
E000907,C0099,daniel.0099@example.com,email_opened,2026-02-01 12:35:40,Monthly Picks,This month’s top picks,false,true
E000908,C0100,dylan.0100@example.com,email_sent,2026-01-13 10:52:56,Shipping Update,Your box is on the way,false,false
E000909,C0100,dylan.0100@example.com,email_opened,2026-01-15 05:52:56,Shipping Update,Your box is on the way,false,true
E000910,C0100,dylan.0100@example.com,email_sent,2025-11-03 19:28:32,Winback,We miss you — come back,false,false
E000911,C0100,dylan.0100@example.com,email_opened,2025-11-06 06:28:32,Winback,We miss you — come back,false,true
E000912,C0100,dylan.0100@example.com,email_sent,2025-12-06 07:12:16,Welcome Series,Welcome to your new box!,false,false
E000913,C0100,dylan.0100@example.com,email_opened,2025-12-06 08:12:16,Welcome Series,Welcome to your new box!,false,true
E000914,C0100,dylan.0100@example.com,email_sent,2025-10-15 17:09:16,Survey,Tell us how we did,false,false
E000915,C0100,dylan.0100@example.com,email_opened,2025-10-16 21:09:16,Survey,Tell us how we did,false,true
E000916,C0100,dylan.0100@example.com,email_clicked,2025-10-17 21:09:16,Survey,Tell us how we did,true,true
E000917,C0100,dylan.0100@example.com,email_sent,2026-02-04 18:09:25,VIP Insider,VIP early access inside,false,false
E000918,C0100,dylan.0100@example.com,email_sent,2025-11-17 17:35:30,Monthly Picks,This month’s top picks,false,false
E000919,C0100,dylan.0100@example.com,email_opened,2025-11-17 18:35:30,Monthly Picks,This month’s top picks,false,true
E000920,C0100,dylan.0100@example.com,email_sent,2025-11-09 11:52:21,Welcome Series,Welcome to your new box!,false,false
E000921,C0100,dylan.0100@example.com,email_opened,2025-11-10 02:52:21,Welcome Series,Welcome to your new box!,false,true
E000922,C0100,dylan.0100@example.com,email_clicked,2025-11-10 17:52:21,Welcome Series,Welcome to your new box!,true,true
E000923,C0101,scarlett.0101@example.com,email_sent,2025-12-23 17:29:47,Survey,Tell us how we did,false,false
E000924,C0101,scarlett.0101@example.com,email_sent,2025-09-09 12:36:40,VIP Insider,VIP early access inside,false,false
E000925,C0101,scarlett.0101@example.com,email_sent,2025-10-09 09:55:52,Monthly Picks,This month’s top picks,false,false
E000926,C0101,scarlett.0101@example.com,email_opened,2025-10-10 14:55:52,Monthly Picks,This month’s top picks,false,true
E000927,C0101,scarlett.0101@example.com,email_sent,2025-10-04 20:13:29,Survey,Tell us how we did,false,false
E000928,C0101,scarlett.0101@example.com,email_opened,2025-10-07 19:13:29,Survey,Tell us how we did,false,true
E000929,C0101,scarlett.0101@example.com,email_clicked,2025-10-08 02:13:29,Survey,Tell us how we did,true,true
E000930,C0101,scarlett.0101@example.com,email_sent,2025-10-05 04:34:48,Welcome Series,Welcome to your new box!,false,false
E000931,C0102,avery.0102@example.com,email_sent,2026-02-09 10:49:04,Welcome Series,Welcome to your new box!,false,false
E000932,C0102,avery.0102@example.com,email_sent,2026-01-06 03:54:41,Winback,We miss you — come back,false,false
E000933,C0102,avery.0102@example.com,email_sent,2025-11-05 16:58:49,Welcome Series,Welcome to your new box!,false,false
E000934,C0102,avery.0102@example.com,email_sent,2025-11-28 14:03:47,VIP Insider,VIP early access inside,false,false
E000935,C0102,avery.0102@example.com,email_opened,2025-11-30 14:03:47,VIP Insider,VIP early access inside,false,true
E000936,C0103,oliver.0103@example.com,email_sent,2025-09-13 16:40:52,Survey,Tell us how we did,false,false
E000937,C0103,oliver.0103@example.com,email_opened,2025-09-14 09:40:52,Survey,Tell us how we did,false,true
E000938,C0103,oliver.0103@example.com,email_sent,2025-12-13 09:53:05,Monthly Picks,This month’s top picks,false,false
E000939,C0103,oliver.0103@example.com,email_opened,2025-12-15 09:53:05,Monthly Picks,This month’s top picks,false,true
E000940,C0103,oliver.0103@example.com,email_sent,2026-01-02 12:38:27,Winback,We miss you — come back,false,false
E000941,C0103,oliver.0103@example.com,email_opened,2026-01-02 18:38:27,Winback,We miss you — come back,false,true
E000942,C0103,oliver.0103@example.com,email_sent,2025-10-07 17:16:47,Shipping Update,Your box is on the way,false,false
E000943,C0103,oliver.0103@example.com,email_sent,2026-02-01 07:44:44,VIP Insider,VIP early access inside,false,false
E000944,C0103,oliver.0103@example.com,email_opened,2026-02-02 15:44:44,VIP Insider,VIP early access inside,false,true
E000945,C0103,oliver.0103@example.com,email_clicked,2026-02-03 00:44:44,VIP Insider,VIP early access inside,true,true
E000946,C0103,oliver.0103@example.com,email_sent,2026-02-13 08:17:23,Monthly Picks,This month’s top picks,false,false
E000947,C0103,oliver.0103@example.com,email_opened,2026-02-15 23:17:23,Monthly Picks,This month’s top picks,false,true
E000948,C0103,oliver.0103@example.com,email_clicked,2026-02-16 02:17:23,Monthly Picks,This month’s top picks,true,true
E000949,C0103,oliver.0103@example.com,email_sent,2026-02-01 14:18:51,Winback,We miss you — come back,false,false
E000950,C0104,matthew.0104@example.com,email_sent,2025-12-08 18:18:43,Monthly Picks,This month’s top picks,false,false
E000951,C0104,matthew.0104@example.com,email_opened,2025-12-11 12:18:43,Monthly Picks,This month’s top picks,false,true
E000952,C0104,matthew.0104@example.com,email_sent,2025-11-30 03:38:32,Shipping Update,Your box is on the way,false,false
E000953,C0104,matthew.0104@example.com,email_opened,2025-12-02 03:38:32,Shipping Update,Your box is on the way,false,true
E000954,C0104,matthew.0104@example.com,email_sent,2026-01-17 23:10:12,Winback,We miss you — come back,false,false
E000955,C0104,matthew.0104@example.com,email_sent,2025-10-23 02:32:01,Winback,We miss you — come back,false,false
E000956,C0105,isabella.0105@example.com,email_sent,2025-10-13 15:03:59,Monthly Picks,This month’s top picks,false,false
E000957,C0105,isabella.0105@example.com,email_sent,2026-02-15 14:39:20,Winback,We miss you — come back,false,false
E000958,C0105,isabella.0105@example.com,email_opened,2026-02-16 18:39:20,Winback,We miss you — come back,false,true
E000959,C0105,isabella.0105@example.com,email_sent,2025-12-20 22:46:44,Winback,We miss you — come back,false,false
E000960,C0105,isabella.0105@example.com,email_opened,2025-12-22 22:46:44,Winback,We miss you — come back,false,true
E000961,C0105,isabella.0105@example.com,email_sent,2025-09-27 02:01:28,Welcome Series,Welcome to your new box!,false,false
E000962,C0106,joseph.0106@example.com,email_sent,2025-12-10 17:52:47,Winback,We miss you — come back,false,false
E000963,C0106,joseph.0106@example.com,email_opened,2025-12-10 23:52:47,Winback,We miss you — come back,false,true
E000964,C0106,joseph.0106@example.com,email_sent,2025-11-05 07:36:58,Shipping Update,Your box is on the way,false,false
E000965,C0106,joseph.0106@example.com,email_opened,2025-11-07 19:36:58,Shipping Update,Your box is on the way,false,true
E000966,C0106,joseph.0106@example.com,email_sent,2026-02-04 05:15:45,VIP Insider,VIP early access inside,false,false
E000967,C0106,joseph.0106@example.com,email_opened,2026-02-05 16:15:45,VIP Insider,VIP early access inside,false,true
E000968,C0106,joseph.0106@example.com,email_sent,2025-11-25 18:25:03,Monthly Picks,This month’s top picks,false,false
E000969,C0106,joseph.0106@example.com,email_opened,2025-11-26 04:25:03,Monthly Picks,This month’s top picks,false,true
E000970,C0106,joseph.0106@example.com,email_sent,2025-10-28 04:33:09,Welcome Series,Welcome to your new box!,false,false
E000971,C0106,joseph.0106@example.com,email_sent,2025-12-16 03:34:56,Shipping Update,Your box is on the way,false,false
E000972,C0107,benjamin.0107@example.com,email_sent,2025-09-20 02:37:10,Monthly Picks,This month’s top picks,false,false
E000973,C0107,benjamin.0107@example.com,email_opened,2025-09-22 01:37:10,Monthly Picks,This month’s top picks,false,true
E000974,C0107,benjamin.0107@example.com,email_clicked,2025-09-22 08:37:10,Monthly Picks,This month’s top picks,true,true
E000975,C0107,benjamin.0107@example.com,email_sent,2025-10-09 04:26:17,VIP Insider,VIP early access inside,false,false
E000976,C0107,benjamin.0107@example.com,email_sent,2025-10-29 18:45:24,VIP Insider,VIP early access inside,false,false
E000977,C0107,benjamin.0107@example.com,email_sent,2026-02-12 04:04:27,Survey,Tell us how we did,false,false
E000978,C0107,benjamin.0107@example.com,email_opened,2026-02-12 22:04:27,Survey,Tell us how we did,false,true
E000979,C0107,benjamin.0107@example.com,email_sent,2026-01-22 15:48:56,Survey,Tell us how we did,false,false
E000980,C0107,benjamin.0107@example.com,email_opened,2026-01-24 01:48:56,Survey,Tell us how we did,false,true
E000981,C0107,benjamin.0107@example.com,email_clicked,2026-01-24 11:48:56,Survey,Tell us how we did,true,true
E000982,C0107,benjamin.0107@example.com,email_sent,2026-02-07 16:14:13,VIP Insider,VIP early access inside,false,false
E000983,C0107,benjamin.0107@example.com,email_opened,2026-02-09 20:14:13,VIP Insider,VIP early access inside,false,true
E000984,C0108,owen.0108@example.com,email_sent,2026-01-06 00:17:06,Winback,We miss you — come back,false,false
E000985,C0108,owen.0108@example.com,email_opened,2026-01-06 20:17:06,Winback,We miss you — come back,false,true
E000986,C0108,owen.0108@example.com,email_sent,2025-10-15 01:33:11,Monthly Picks,This month’s top picks,false,false
E000987,C0108,owen.0108@example.com,email_sent,2025-12-02 03:02:33,Monthly Picks,This month’s top picks,false,false
E000988,C0108,owen.0108@example.com,email_opened,2025-12-05 02:02:33,Monthly Picks,This month’s top picks,false,true
E000989,C0108,owen.0108@example.com,email_sent,2026-02-06 03:22:06,Survey,Tell us how we did,false,false
E000990,C0108,owen.0108@example.com,email_opened,2026-02-06 14:22:06,Survey,Tell us how we did,false,true
E000991,C0109,henry.0109@example.com,email_sent,2026-01-28 13:04:15,Winback,We miss you — come back,false,false
E000992,C0109,henry.0109@example.com,email_sent,2025-10-11 16:44:08,Winback,We miss you — come back,false,false
E000993,C0109,henry.0109@example.com,email_opened,2025-10-14 16:44:08,Winback,We miss you — come back,false,true
E000994,C0109,henry.0109@example.com,email_clicked,2025-10-14 21:44:08,Winback,We miss you — come back,true,true
E000995,C0109,henry.0109@example.com,email_sent,2026-02-17 15:58:16,Shipping Update,Your box is on the way,false,false
E000996,C0109,henry.0109@example.com,email_opened,2026-02-17 17:58:16,Shipping Update,Your box is on the way,false,true
E000997,C0109,henry.0109@example.com,email_sent,2026-02-10 00:06:52,Survey,Tell us how we did,false,false
E000998,C0109,henry.0109@example.com,email_opened,2026-02-11 05:06:52,Survey,Tell us how we did,false,true
E000999,C0109,henry.0109@example.com,email_sent,2026-01-25 03:29:32,Survey,Tell us how we did,false,false
E001000,C0109,henry.0109@example.com,email_opened,2026-01-28 00:29:32,Survey,Tell us how we did,false,true
E001001,C0110,daniel.0110@example.com,email_sent,2026-01-31 12:01:57,Shipping Update,Your box is on the way,false,false
E001002,C0110,daniel.0110@example.com,email_opened,2026-02-01 06:01:57,Shipping Update,Your box is on the way,false,true
E001003,C0110,daniel.0110@example.com,email_clicked,2026-02-01 17:01:57,Shipping Update,Your box is on the way,true,true
E001004,C0110,daniel.0110@example.com,email_sent,2026-01-01 07:15:50,Shipping Update,Your box is on the way,false,false
E001005,C0110,daniel.0110@example.com,email_sent,2025-12-21 10:28:07,Shipping Update,Your box is on the way,false,false
E001006,C0110,daniel.0110@example.com,email_sent,2025-10-10 15:39:44,Winback,We miss you — come back,false,false
E001007,C0111,camila.0111@example.com,email_sent,2025-11-15 00:54:44,Shipping Update,Your box is on the way,false,false
E001008,C0111,camila.0111@example.com,email_opened,2025-11-15 14:54:44,Shipping Update,Your box is on the way,false,true
E001009,C0111,camila.0111@example.com,email_sent,2026-01-03 01:58:16,Winback,We miss you — come back,false,false
E001010,C0111,camila.0111@example.com,email_sent,2025-10-04 06:53:31,Welcome Series,Welcome to your new box!,false,false
E001011,C0111,camila.0111@example.com,email_opened,2025-10-07 05:53:31,Welcome Series,Welcome to your new box!,false,true
E001012,C0111,camila.0111@example.com,email_clicked,2025-10-08 04:53:31,Welcome Series,Welcome to your new box!,true,true
E001013,C0111,camila.0111@example.com,email_sent,2025-12-04 21:06:11,Shipping Update,Your box is on the way,false,false
E001014,C0111,camila.0111@example.com,email_opened,2025-12-05 23:06:11,Shipping Update,Your box is on the way,false,true
E001015,C0111,camila.0111@example.com,email_clicked,2025-12-06 12:06:11,Shipping Update,Your box is on the way,true,true
E001016,C0112,camila.0112@example.com,email_sent,2025-10-16 06:02:32,Monthly Picks,This month’s top picks,false,false
E001017,C0112,camila.0112@example.com,email_opened,2025-10-19 02:02:32,Monthly Picks,This month’s top picks,false,true
E001018,C0112,camila.0112@example.com,email_clicked,2025-10-19 04:02:32,Monthly Picks,This month’s top picks,true,true
E001019,C0112,camila.0112@example.com,email_sent,2025-12-10 16:31:58,VIP Insider,VIP early access inside,false,false
E001020,C0112,camila.0112@example.com,email_opened,2025-12-12 10:31:58,VIP Insider,VIP early access inside,false,true
E001021,C0112,camila.0112@example.com,email_sent,2025-11-15 22:40:57,Winback,We miss you — come back,false,false
E001022,C0112,camila.0112@example.com,email_opened,2025-11-16 13:40:57,Winback,We miss you — come back,false,true
E001023,C0112,camila.0112@example.com,email_clicked,2025-11-17 03:40:57,Winback,We miss you — come back,true,true
E001024,C0112,camila.0112@example.com,email_sent,2026-01-23 07:17:46,Winback,We miss you — come back,false,false
E001025,C0112,camila.0112@example.com,email_opened,2026-01-24 10:17:46,Winback,We miss you — come back,false,true
E001026,C0112,camila.0112@example.com,email_clicked,2026-01-24 17:17:46,Winback,We miss you — come back,true,true
E001027,C0112,camila.0112@example.com,email_sent,2025-11-23 22:12:04,VIP Insider,VIP early access inside,false,false
E001028,C0112,camila.0112@example.com,email_sent,2025-12-02 04:38:07,Survey,Tell us how we did,false,false
E001029,C0112,camila.0112@example.com,email_opened,2025-12-03 20:38:07,Survey,Tell us how we did,false,true
E001030,C0113,mason.0113@example.com,email_sent,2025-10-10 04:00:10,VIP Insider,VIP early access inside,false,false
E001031,C0113,mason.0113@example.com,email_opened,2025-10-10 23:00:10,VIP Insider,VIP early access inside,false,true
E001032,C0113,mason.0113@example.com,email_sent,2025-12-27 10:47:55,Winback,We miss you — come back,false,false
E001033,C0113,mason.0113@example.com,email_sent,2025-11-03 20:44:43,Shipping Update,Your box is on the way,false,false
E001034,C0113,mason.0113@example.com,email_sent,2025-11-29 08:42:31,Winback,We miss you — come back,false,false
E001035,C0113,mason.0113@example.com,email_opened,2025-11-29 14:42:31,Winback,We miss you — come back,false,true
E001036,C0113,mason.0113@example.com,email_sent,2026-01-04 11:58:20,VIP Insider,VIP early access inside,false,false
E001037,C0113,mason.0113@example.com,email_sent,2025-11-07 08:07:13,Winback,We miss you — come back,false,false
E001038,C0113,mason.0113@example.com,email_sent,2026-02-01 20:36:13,Survey,Tell us how we did,false,false
E001039,C0113,mason.0113@example.com,email_opened,2026-02-02 19:36:13,Survey,Tell us how we did,false,true
E001040,C0114,ella.0114@example.com,email_sent,2026-01-21 09:09:52,Shipping Update,Your box is on the way,false,false
E001041,C0114,ella.0114@example.com,email_opened,2026-01-23 11:09:52,Shipping Update,Your box is on the way,false,true
E001042,C0114,ella.0114@example.com,email_sent,2026-01-14 15:20:55,Monthly Picks,This month’s top picks,false,false
E001043,C0114,ella.0114@example.com,email_sent,2026-01-14 15:55:13,Winback,We miss you — come back,false,false
E001044,C0114,ella.0114@example.com,email_sent,2026-02-19 22:55:26,Monthly Picks,This month’s top picks,false,false
E001045,C0114,ella.0114@example.com,email_sent,2026-02-19 09:00:29,VIP Insider,VIP early access inside,false,false
E001046,C0115,oliver.0115@example.com,email_sent,2026-02-25 22:15:01,Survey,Tell us how we did,false,false
E001047,C0115,oliver.0115@example.com,email_opened,2026-02-27 02:15:01,Survey,Tell us how we did,false,true
E001048,C0115,oliver.0115@example.com,email_sent,2026-01-26 22:31:43,Winback,We miss you — come back,false,false
E001049,C0115,oliver.0115@example.com,email_sent,2025-09-15 20:40:21,VIP Insider,VIP early access inside,false,false
E001050,C0115,oliver.0115@example.com,email_sent,2026-01-27 20:19:51,Shipping Update,Your box is on the way,false,false
E001051,C0115,oliver.0115@example.com,email_sent,2025-11-27 13:30:50,Winback,We miss you — come back,false,false
E001052,C0115,oliver.0115@example.com,email_opened,2025-11-28 16:30:50,Winback,We miss you — come back,false,true
E001053,C0115,oliver.0115@example.com,email_sent,2025-09-06 04:30:51,Winback,We miss you — come back,false,false
E001054,C0115,oliver.0115@example.com,email_opened,2025-09-08 16:30:51,Winback,We miss you — come back,false,true
E001055,C0116,emily.0116@example.com,email_sent,2025-11-17 00:38:10,Monthly Picks,This month’s top picks,false,false
E001056,C0116,emily.0116@example.com,email_opened,2025-11-18 09:38:10,Monthly Picks,This month’s top picks,false,true
E001057,C0116,emily.0116@example.com,email_clicked,2025-11-18 14:38:10,Monthly Picks,This month’s top picks,true,true
E001058,C0116,emily.0116@example.com,email_sent,2026-01-09 03:48:13,VIP Insider,VIP early access inside,false,false
E001059,C0116,emily.0116@example.com,email_sent,2025-11-29 14:04:46,Winback,We miss you — come back,false,false
E001060,C0116,emily.0116@example.com,email_opened,2025-12-02 13:04:46,Winback,We miss you — come back,false,true
E001061,C0116,emily.0116@example.com,email_sent,2025-11-24 23:56:24,Survey,Tell us how we did,false,false
E001062,C0116,emily.0116@example.com,email_opened,2025-11-26 11:56:24,Survey,Tell us how we did,false,true
E001063,C0116,emily.0116@example.com,email_sent,2026-02-10 19:40:26,Monthly Picks,This month’s top picks,false,false
E001064,C0116,emily.0116@example.com,email_opened,2026-02-11 08:40:26,Monthly Picks,This month’s top picks,false,true
E001065,C0116,emily.0116@example.com,email_clicked,2026-02-11 12:40:26,Monthly Picks,This month’s top picks,true,true
E001066,C0116,emily.0116@example.com,email_sent,2026-01-22 23:23:27,Shipping Update,Your box is on the way,false,false
E001067,C0116,emily.0116@example.com,email_opened,2026-01-23 09:23:27,Shipping Update,Your box is on the way,false,true
E001068,C0116,emily.0116@example.com,email_sent,2026-01-10 12:50:03,Welcome Series,Welcome to your new box!,false,false
E001069,C0116,emily.0116@example.com,email_opened,2026-01-12 21:50:03,Welcome Series,Welcome to your new box!,false,true
E001070,C0117,liam.0117@example.com,email_sent,2025-09-07 16:31:28,Survey,Tell us how we did,false,false
E001071,C0117,liam.0117@example.com,email_sent,2025-10-12 23:24:32,Shipping Update,Your box is on the way,false,false
E001072,C0117,liam.0117@example.com,email_opened,2025-10-13 06:24:32,Shipping Update,Your box is on the way,false,true
E001073,C0117,liam.0117@example.com,email_sent,2026-01-03 11:19:59,Shipping Update,Your box is on the way,false,false
E001074,C0117,liam.0117@example.com,email_sent,2026-02-22 04:22:08,Survey,Tell us how we did,false,false
E001075,C0117,liam.0117@example.com,email_opened,2026-02-23 20:22:08,Survey,Tell us how we did,false,true
E001076,C0117,liam.0117@example.com,email_sent,2025-09-01 21:44:38,Shipping Update,Your box is on the way,false,false
E001077,C0117,liam.0117@example.com,email_opened,2025-09-03 22:44:38,Shipping Update,Your box is on the way,false,true
E001078,C0118,scarlett.0118@example.com,email_sent,2026-02-24 11:06:42,VIP Insider,VIP early access inside,false,false
E001079,C0118,scarlett.0118@example.com,email_opened,2026-02-24 23:06:42,VIP Insider,VIP early access inside,false,true
E001080,C0118,scarlett.0118@example.com,email_clicked,2026-02-25 00:06:42,VIP Insider,VIP early access inside,true,true
E001081,C0118,scarlett.0118@example.com,email_sent,2025-11-05 11:04:38,Welcome Series,Welcome to your new box!,false,false
E001082,C0118,scarlett.0118@example.com,email_sent,2026-01-08 21:31:49,Survey,Tell us how we did,false,false
E001083,C0118,scarlett.0118@example.com,email_opened,2026-01-09 10:31:49,Survey,Tell us how we did,false,true
E001084,C0118,scarlett.0118@example.com,email_sent,2025-10-03 14:23:27,Survey,Tell us how we did,false,false
E001085,C0118,scarlett.0118@example.com,email_sent,2025-11-20 17:12:33,Welcome Series,Welcome to your new box!,false,false
E001086,C0118,scarlett.0118@example.com,email_opened,2025-11-22 11:12:33,Welcome Series,Welcome to your new box!,false,true
E001087,C0119,samuel.0119@example.com,email_sent,2025-10-11 05:14:45,Shipping Update,Your box is on the way,false,false
E001088,C0119,samuel.0119@example.com,email_sent,2025-11-23 02:04:00,Winback,We miss you — come back,false,false
E001089,C0119,samuel.0119@example.com,email_opened,2025-11-24 06:04:00,Winback,We miss you — come back,false,true
E001090,C0119,samuel.0119@example.com,email_clicked,2025-11-24 17:04:00,Winback,We miss you — come back,true,true
E001091,C0119,samuel.0119@example.com,email_sent,2025-09-03 21:52:47,Monthly Picks,This month’s top picks,false,false
E001092,C0119,samuel.0119@example.com,email_opened,2025-09-05 14:52:47,Monthly Picks,This month’s top picks,false,true
E001093,C0119,samuel.0119@example.com,email_clicked,2025-09-05 21:52:47,Monthly Picks,This month’s top picks,true,true
E001094,C0119,samuel.0119@example.com,email_sent,2025-10-13 17:43:21,Winback,We miss you — come back,false,false
E001095,C0119,samuel.0119@example.com,email_opened,2025-10-15 05:43:21,Winback,We miss you — come back,false,true
E001096,C0119,samuel.0119@example.com,email_sent,2025-09-09 12:46:13,VIP Insider,VIP early access inside,false,false
E001097,C0119,samuel.0119@example.com,email_opened,2025-09-10 16:46:13,VIP Insider,VIP early access inside,false,true
E001098,C0120,matthew.0120@example.com,email_sent,2026-01-17 08:38:08,Welcome Series,Welcome to your new box!,false,false
E001099,C0120,matthew.0120@example.com,email_opened,2026-01-18 06:38:08,Welcome Series,Welcome to your new box!,false,true
E001100,C0120,matthew.0120@example.com,email_sent,2025-12-26 11:35:00,Welcome Series,Welcome to your new box!,false,false
E001101,C0120,matthew.0120@example.com,email_opened,2025-12-28 13:35:00,Welcome Series,Welcome to your new box!,false,true
E001102,C0120,matthew.0120@example.com,email_sent,2025-09-26 19:30:19,Survey,Tell us how we did,false,false
E001103,C0120,matthew.0120@example.com,email_opened,2025-09-28 12:30:19,Survey,Tell us how we did,false,true
E001104,C0120,matthew.0120@example.com,email_sent,2025-12-03 14:53:25,Survey,Tell us how we did,false,false
E001105,C0120,matthew.0120@example.com,email_opened,2025-12-03 17:53:25,Survey,Tell us how we did,false,true
E001106,C0120,matthew.0120@example.com,email_sent,2025-11-27 04:04:46,Shipping Update,Your box is on the way,false,false
E001107,C0120,matthew.0120@example.com,email_opened,2025-11-28 10:04:46,Shipping Update,Your box is on the way,false,true
E001108,C0120,matthew.0120@example.com,email_sent,2025-09-03 13:56:37,Survey,Tell us how we did,false,false
E001109,C0120,matthew.0120@example.com,email_opened,2025-09-04 05:56:37,Survey,Tell us how we did,false,true
E001110,C0120,matthew.0120@example.com,email_sent,2025-11-23 04:56:41,Survey,Tell us how we did,false,false
E001111,C0121,mason.0121@example.com,email_sent,2025-09-27 17:03:18,Welcome Series,Welcome to your new box!,false,false
E001112,C0121,mason.0121@example.com,email_opened,2025-09-29 07:03:18,Welcome Series,Welcome to your new box!,false,true
E001113,C0121,mason.0121@example.com,email_clicked,2025-09-29 20:03:18,Welcome Series,Welcome to your new box!,true,true
E001114,C0121,mason.0121@example.com,email_sent,2026-01-03 16:07:05,Monthly Picks,This month’s top picks,false,false
E001115,C0121,mason.0121@example.com,email_opened,2026-01-06 01:07:05,Monthly Picks,This month’s top picks,false,true
E001116,C0121,mason.0121@example.com,email_sent,2025-09-27 01:43:46,VIP Insider,VIP early access inside,false,false
E001117,C0121,mason.0121@example.com,email_opened,2025-09-27 07:43:46,VIP Insider,VIP early access inside,false,true
E001118,C0121,mason.0121@example.com,email_sent,2026-01-04 20:06:54,Winback,We miss you — come back,false,false
E001119,C0122,benjamin.0122@example.com,email_sent,2026-02-12 11:00:08,Monthly Picks,This month’s top picks,false,false
E001120,C0122,benjamin.0122@example.com,email_sent,2025-10-18 00:57:43,VIP Insider,VIP early access inside,false,false
E001121,C0122,benjamin.0122@example.com,email_opened,2025-10-18 07:57:43,VIP Insider,VIP early access inside,false,true
E001122,C0122,benjamin.0122@example.com,email_sent,2025-10-19 05:20:21,Survey,Tell us how we did,false,false
E001123,C0122,benjamin.0122@example.com,email_sent,2026-01-18 17:07:24,Survey,Tell us how we did,false,false
E001124,C0122,benjamin.0122@example.com,email_opened,2026-01-20 18:07:24,Survey,Tell us how we did,false,true
E001125,C0123,jack.0123@example.com,email_sent,2026-01-01 06:59:57,Winback,We miss you — come back,false,false
E001126,C0123,jack.0123@example.com,email_opened,2026-01-03 21:59:57,Winback,We miss you — come back,false,true
E001127,C0123,jack.0123@example.com,email_clicked,2026-01-04 04:59:57,Winback,We miss you — come back,true,true
E001128,C0123,jack.0123@example.com,email_sent,2026-01-02 04:21:51,Welcome Series,Welcome to your new box!,false,false
E001129,C0123,jack.0123@example.com,email_sent,2025-09-25 09:09:24,Monthly Picks,This month’s top picks,false,false
E001130,C0123,jack.0123@example.com,email_opened,2025-09-28 08:09:24,Monthly Picks,This month’s top picks,false,true
E001131,C0123,jack.0123@example.com,email_sent,2025-10-16 21:17:06,Monthly Picks,This month’s top picks,false,false
E001132,C0123,jack.0123@example.com,email_opened,2025-10-19 04:17:06,Monthly Picks,This month’s top picks,false,true
E001133,C0123,jack.0123@example.com,email_sent,2025-10-02 21:02:07,VIP Insider,VIP early access inside,false,false
E001134,C0124,charlotte.0124@example.com,email_sent,2025-10-05 06:14:56,Winback,We miss you — come back,false,false
E001135,C0124,charlotte.0124@example.com,email_sent,2025-10-26 09:50:27,VIP Insider,VIP early access inside,false,false
E001136,C0124,charlotte.0124@example.com,email_sent,2025-10-10 02:35:48,Survey,Tell us how we did,false,false
E001137,C0124,charlotte.0124@example.com,email_opened,2025-10-12 16:35:48,Survey,Tell us how we did,false,true
E001138,C0124,charlotte.0124@example.com,email_clicked,2025-10-13 04:35:48,Survey,Tell us how we did,true,true
E001139,C0124,charlotte.0124@example.com,email_sent,2025-11-13 08:17:27,Winback,We miss you — come back,false,false
E001140,C0124,charlotte.0124@example.com,email_opened,2025-11-15 17:17:27,Winback,We miss you — come back,false,true
E001141,C0124,charlotte.0124@example.com,email_sent,2026-01-21 17:00:47,Shipping Update,Your box is on the way,false,false
E001142,C0124,charlotte.0124@example.com,email_opened,2026-01-22 13:00:47,Shipping Update,Your box is on the way,false,true
E001143,C0125,emily.0125@example.com,email_sent,2026-01-26 22:50:52,Welcome Series,Welcome to your new box!,false,false
E001144,C0125,emily.0125@example.com,email_opened,2026-01-27 09:50:52,Welcome Series,Welcome to your new box!,false,true
E001145,C0125,emily.0125@example.com,email_sent,2025-12-25 13:45:19,VIP Insider,VIP early access inside,false,false
E001146,C0125,emily.0125@example.com,email_opened,2025-12-28 12:45:19,VIP Insider,VIP early access inside,false,true
E001147,C0125,emily.0125@example.com,email_sent,2025-11-13 21:01:35,VIP Insider,VIP early access inside,false,false
E001148,C0125,emily.0125@example.com,email_opened,2025-11-16 08:01:35,VIP Insider,VIP early access inside,false,true
E001149,C0125,emily.0125@example.com,email_sent,2025-12-27 16:16:58,Shipping Update,Your box is on the way,false,false
E001150,C0125,emily.0125@example.com,email_opened,2025-12-29 11:16:58,Shipping Update,Your box is on the way,false,true
E001151,C0125,emily.0125@example.com,email_clicked,2025-12-30 03:16:58,Shipping Update,Your box is on the way,true,true
E001152,C0125,emily.0125@example.com,email_sent,2025-10-01 01:04:05,Monthly Picks,This month’s top picks,false,false
E001153,C0125,emily.0125@example.com,email_sent,2025-09-03 11:48:43,Welcome Series,Welcome to your new box!,false,false
E001154,C0125,emily.0125@example.com,email_sent,2026-01-19 20:21:16,Survey,Tell us how we did,false,false
E001155,C0125,emily.0125@example.com,email_opened,2026-01-22 00:21:16,Survey,Tell us how we did,false,true
E001156,C0126,camila.0126@example.com,email_sent,2025-11-12 10:58:52,Survey,Tell us how we did,false,false
E001157,C0126,camila.0126@example.com,email_opened,2025-11-14 02:58:52,Survey,Tell us how we did,false,true
E001158,C0126,camila.0126@example.com,email_sent,2025-09-14 19:58:34,Shipping Update,Your box is on the way,false,false
E001159,C0126,camila.0126@example.com,email_opened,2025-09-15 00:58:34,Shipping Update,Your box is on the way,false,true
E001160,C0126,camila.0126@example.com,email_sent,2025-11-14 17:25:09,Welcome Series,Welcome to your new box!,false,false
E001161,C0126,camila.0126@example.com,email_sent,2025-10-08 17:10:08,Monthly Picks,This month’s top picks,false,false
E001162,C0126,camila.0126@example.com,email_sent,2026-01-28 18:22:49,VIP Insider,VIP early access inside,false,false
E001163,C0126,camila.0126@example.com,email_sent,2025-11-07 16:29:39,Survey,Tell us how we did,false,false
E001164,C0126,camila.0126@example.com,email_opened,2025-11-10 07:29:39,Survey,Tell us how we did,false,true
E001165,C0126,camila.0126@example.com,email_sent,2026-01-14 05:43:02,VIP Insider,VIP early access inside,false,false
E001166,C0126,camila.0126@example.com,email_opened,2026-01-16 07:43:02,VIP Insider,VIP early access inside,false,true
E001167,C0127,daniel.0127@example.com,email_sent,2025-12-02 18:21:44,Monthly Picks,This month’s top picks,false,false
E001168,C0127,daniel.0127@example.com,email_opened,2025-12-04 17:21:44,Monthly Picks,This month’s top picks,false,true
E001169,C0127,daniel.0127@example.com,email_sent,2025-09-06 11:40:58,Survey,Tell us how we did,false,false
E001170,C0127,daniel.0127@example.com,email_sent,2025-09-29 17:11:26,Survey,Tell us how we did,false,false
E001171,C0127,daniel.0127@example.com,email_opened,2025-10-02 04:11:26,Survey,Tell us how we did,false,true
E001172,C0127,daniel.0127@example.com,email_sent,2025-10-20 09:04:05,Monthly Picks,This month’s top picks,false,false
E001173,C0127,daniel.0127@example.com,email_opened,2025-10-21 06:04:05,Monthly Picks,This month’s top picks,false,true
E001174,C0127,daniel.0127@example.com,email_clicked,2025-10-21 09:04:05,Monthly Picks,This month’s top picks,true,true
E001175,C0127,daniel.0127@example.com,email_sent,2026-01-17 04:20:25,Survey,Tell us how we did,false,false
E001176,C0128,ella.0128@example.com,email_sent,2025-12-23 19:42:20,Survey,Tell us how we did,false,false
E001177,C0128,ella.0128@example.com,email_sent,2025-12-10 16:33:27,Welcome Series,Welcome to your new box!,false,false
E001178,C0128,ella.0128@example.com,email_sent,2025-10-03 04:47:38,Winback,We miss you — come back,false,false
E001179,C0128,ella.0128@example.com,email_sent,2026-01-13 08:11:35,VIP Insider,VIP early access inside,false,false
E001180,C0128,ella.0128@example.com,email_opened,2026-01-16 05:11:35,VIP Insider,VIP early access inside,false,true
E001181,C0128,ella.0128@example.com,email_sent,2025-12-23 19:19:46,Winback,We miss you — come back,false,false
E001182,C0128,ella.0128@example.com,email_opened,2025-12-26 00:19:46,Winback,We miss you — come back,false,true
E001183,C0128,ella.0128@example.com,email_sent,2026-02-16 19:46:52,Survey,Tell us how we did,false,false
E001184,C0128,ella.0128@example.com,email_opened,2026-02-18 16:46:52,Survey,Tell us how we did,false,true
E001185,C0128,ella.0128@example.com,email_sent,2026-01-24 09:20:06,VIP Insider,VIP early access inside,false,false
E001186,C0128,ella.0128@example.com,email_opened,2026-01-26 12:20:06,VIP Insider,VIP early access inside,false,true
E001187,C0129,liam.0129@example.com,email_sent,2026-02-06 12:39:00,Monthly Picks,This month’s top picks,false,false
E001188,C0129,liam.0129@example.com,email_opened,2026-02-07 01:39:00,Monthly Picks,This month’s top picks,false,true
E001189,C0129,liam.0129@example.com,email_clicked,2026-02-08 00:39:00,Monthly Picks,This month’s top picks,true,true
E001190,C0129,liam.0129@example.com,email_sent,2025-12-11 22:30:00,Winback,We miss you — come back,false,false
E001191,C0129,liam.0129@example.com,email_opened,2025-12-13 11:30:00,Winback,We miss you — come back,false,true
E001192,C0129,liam.0129@example.com,email_sent,2025-10-05 06:05:22,Monthly Picks,This month’s top picks,false,false
E001193,C0129,liam.0129@example.com,email_opened,2025-10-06 00:05:22,Monthly Picks,This month’s top picks,false,true
E001194,C0129,liam.0129@example.com,email_clicked,2025-10-06 06:05:22,Monthly Picks,This month’s top picks,true,true
E001195,C0129,liam.0129@example.com,email_sent,2025-09-22 09:44:50,Shipping Update,Your box is on the way,false,false
E001196,C0129,liam.0129@example.com,email_opened,2025-09-23 13:44:50,Shipping Update,Your box is on the way,false,true
E001197,C0129,liam.0129@example.com,email_clicked,2025-09-23 15:44:50,Shipping Update,Your box is on the way,true,true
E001198,C0130,avery.0130@example.com,email_sent,2025-10-21 08:40:03,Monthly Picks,This month’s top picks,false,false
E001199,C0130,avery.0130@example.com,email_sent,2025-11-25 13:57:09,Winback,We miss you — come back,false,false
E001200,C0130,avery.0130@example.com,email_sent,2025-09-22 04:53:15,Shipping Update,Your box is on the way,false,false
E001201,C0130,avery.0130@example.com,email_sent,2025-09-16 11:56:26,Monthly Picks,This month’s top picks,false,false
E001202,C0130,avery.0130@example.com,email_opened,2025-09-18 12:56:26,Monthly Picks,This month’s top picks,false,true
E001203,C0130,avery.0130@example.com,email_clicked,2025-09-18 15:56:26,Monthly Picks,This month’s top picks,true,true
E001204,C0130,avery.0130@example.com,email_sent,2025-09-06 18:15:23,VIP Insider,VIP early access inside,false,false
E001205,C0131,benjamin.0131@example.com,email_sent,2026-01-09 15:29:47,Winback,We miss you — come back,false,false
E001206,C0131,benjamin.0131@example.com,email_sent,2025-09-12 20:32:37,Welcome Series,Welcome to your new box!,false,false
E001207,C0131,benjamin.0131@example.com,email_opened,2025-09-12 21:32:37,Welcome Series,Welcome to your new box!,false,true
E001208,C0131,benjamin.0131@example.com,email_sent,2025-09-19 19:18:56,Welcome Series,Welcome to your new box!,false,false
E001209,C0131,benjamin.0131@example.com,email_opened,2025-09-19 20:18:56,Welcome Series,Welcome to your new box!,false,true
E001210,C0131,benjamin.0131@example.com,email_sent,2026-01-26 20:12:47,Shipping Update,Your box is on the way,false,false
E001211,C0131,benjamin.0131@example.com,email_opened,2026-01-29 11:12:47,Shipping Update,Your box is on the way,false,true
E001212,C0131,benjamin.0131@example.com,email_sent,2025-12-27 08:34:32,VIP Insider,VIP early access inside,false,false
E001213,C0131,benjamin.0131@example.com,email_opened,2025-12-29 08:34:32,VIP Insider,VIP early access inside,false,true
E001214,C0131,benjamin.0131@example.com,email_sent,2025-11-01 05:02:57,VIP Insider,VIP early access inside,false,false
E001215,C0131,benjamin.0131@example.com,email_sent,2026-01-08 03:29:22,VIP Insider,VIP early access inside,false,false
E001216,C0131,benjamin.0131@example.com,email_opened,2026-01-08 11:29:22,VIP Insider,VIP early access inside,false,true
E001217,C0132,owen.0132@example.com,email_sent,2025-09-01 14:22:32,Welcome Series,Welcome to your new box!,false,false
E001218,C0132,owen.0132@example.com,email_opened,2025-09-03 18:22:32,Welcome Series,Welcome to your new box!,false,true
E001219,C0132,owen.0132@example.com,email_sent,2025-09-05 23:40:46,Monthly Picks,This month’s top picks,false,false
E001220,C0132,owen.0132@example.com,email_sent,2025-10-25 06:24:47,Shipping Update,Your box is on the way,false,false
E001221,C0132,owen.0132@example.com,email_sent,2025-11-11 13:00:27,Monthly Picks,This month’s top picks,false,false
E001222,C0132,owen.0132@example.com,email_opened,2025-11-14 02:00:27,Monthly Picks,This month’s top picks,false,true
E001223,C0132,owen.0132@example.com,email_sent,2025-10-07 11:50:25,Survey,Tell us how we did,false,false
E001224,C0132,owen.0132@example.com,email_opened,2025-10-09 05:50:25,Survey,Tell us how we did,false,true
E001225,C0132,owen.0132@example.com,email_clicked,2025-10-09 17:50:25,Survey,Tell us how we did,true,true
E001226,C0132,owen.0132@example.com,email_sent,2026-02-04 19:29:31,Welcome Series,Welcome to your new box!,false,false
E001227,C0133,scarlett.0133@example.com,email_sent,2025-12-27 19:43:14,Monthly Picks,This month’s top picks,false,false
E001228,C0133,scarlett.0133@example.com,email_opened,2025-12-28 06:43:14,Monthly Picks,This month’s top picks,false,true
E001229,C0133,scarlett.0133@example.com,email_sent,2026-01-06 20:04:55,Winback,We miss you — come back,false,false
E001230,C0133,scarlett.0133@example.com,email_sent,2026-01-21 13:58:56,Welcome Series,Welcome to your new box!,false,false
E001231,C0133,scarlett.0133@example.com,email_opened,2026-01-22 14:58:56,Welcome Series,Welcome to your new box!,false,true
E001232,C0133,scarlett.0133@example.com,email_sent,2026-02-18 03:32:47,Shipping Update,Your box is on the way,false,false
E001233,C0133,scarlett.0133@example.com,email_sent,2025-12-07 23:46:37,Survey,Tell us how we did,false,false
E001234,C0133,scarlett.0133@example.com,email_opened,2025-12-10 15:46:37,Survey,Tell us how we did,false,true
E001235,C0133,scarlett.0133@example.com,email_sent,2026-02-09 15:03:04,VIP Insider,VIP early access inside,false,false
E001236,C0133,scarlett.0133@example.com,email_sent,2026-02-17 20:47:49,Shipping Update,Your box is on the way,false,false
E001237,C0133,scarlett.0133@example.com,email_opened,2026-02-20 06:47:49,Shipping Update,Your box is on the way,false,true
E001238,C0134,jackson.0134@example.com,email_sent,2025-12-14 23:41:42,Survey,Tell us how we did,false,false
E001239,C0134,jackson.0134@example.com,email_opened,2025-12-16 03:41:42,Survey,Tell us how we did,false,true
E001240,C0134,jackson.0134@example.com,email_clicked,2025-12-17 01:41:42,Survey,Tell us how we did,true,true
E001241,C0134,jackson.0134@example.com,email_sent,2025-09-18 08:46:56,Survey,Tell us how we did,false,false
E001242,C0134,jackson.0134@example.com,email_opened,2025-09-18 12:46:56,Survey,Tell us how we did,false,true
E001243,C0134,jackson.0134@example.com,email_clicked,2025-09-18 23:46:56,Survey,Tell us how we did,true,true
E001244,C0134,jackson.0134@example.com,email_sent,2026-01-27 19:15:28,Winback,We miss you — come back,false,false
E001245,C0134,jackson.0134@example.com,email_opened,2026-01-29 04:15:28,Winback,We miss you — come back,false,true
E001246,C0134,jackson.0134@example.com,email_sent,2025-09-24 21:40:43,Survey,Tell us how we did,false,false
E001247,C0134,jackson.0134@example.com,email_sent,2026-01-02 00:32:54,Shipping Update,Your box is on the way,false,false
E001248,C0134,jackson.0134@example.com,email_sent,2026-02-02 11:29:14,Welcome Series,Welcome to your new box!,false,false
E001249,C0134,jackson.0134@example.com,email_sent,2026-02-28 22:24:33,Monthly Picks,This month’s top picks,false,false
E001250,C0135,avery.0135@example.com,email_sent,2025-11-06 15:32:53,Survey,Tell us how we did,false,false
E001251,C0135,avery.0135@example.com,email_opened,2025-11-08 16:32:53,Survey,Tell us how we did,false,true
E001252,C0135,avery.0135@example.com,email_sent,2026-02-14 05:54:22,Shipping Update,Your box is on the way,false,false
E001253,C0135,avery.0135@example.com,email_opened,2026-02-15 11:54:22,Shipping Update,Your box is on the way,false,true
E001254,C0135,avery.0135@example.com,email_clicked,2026-02-15 15:54:22,Shipping Update,Your box is on the way,true,true
E001255,C0135,avery.0135@example.com,email_sent,2025-09-18 00:37:12,VIP Insider,VIP early access inside,false,false
E001256,C0135,avery.0135@example.com,email_opened,2025-09-19 20:37:12,VIP Insider,VIP early access inside,false,true
E001257,C0135,avery.0135@example.com,email_sent,2026-01-23 14:10:12,Monthly Picks,This month’s top picks,false,false
E001258,C0136,owen.0136@example.com,email_sent,2026-02-13 16:48:26,Monthly Picks,This month’s top picks,false,false
E001259,C0136,owen.0136@example.com,email_opened,2026-02-15 17:48:26,Monthly Picks,This month’s top picks,false,true
E001260,C0136,owen.0136@example.com,email_sent,2025-10-31 08:25:40,Welcome Series,Welcome to your new box!,false,false
E001261,C0136,owen.0136@example.com,email_opened,2025-11-03 05:25:40,Welcome Series,Welcome to your new box!,false,true
E001262,C0136,owen.0136@example.com,email_clicked,2025-11-03 18:25:40,Welcome Series,Welcome to your new box!,true,true
E001263,C0136,owen.0136@example.com,email_sent,2025-11-02 01:38:39,Winback,We miss you — come back,false,false
E001264,C0136,owen.0136@example.com,email_sent,2026-02-02 16:15:48,Survey,Tell us how we did,false,false
E001265,C0136,owen.0136@example.com,email_opened,2026-02-03 21:15:48,Survey,Tell us how we did,false,true
E001266,C0136,owen.0136@example.com,email_clicked,2026-02-03 22:15:48,Survey,Tell us how we did,true,true
E001267,C0136,owen.0136@example.com,email_sent,2026-02-13 12:17:41,Shipping Update,Your box is on the way,false,false
E001268,C0136,owen.0136@example.com,email_opened,2026-02-14 07:17:41,Shipping Update,Your box is on the way,false,true
E001269,C0136,owen.0136@example.com,email_sent,2026-02-10 13:42:44,VIP Insider,VIP early access inside,false,false
E001270,C0136,owen.0136@example.com,email_opened,2026-02-13 00:42:44,VIP Insider,VIP early access inside,false,true
E001271,C0136,owen.0136@example.com,email_clicked,2026-02-13 10:42:44,VIP Insider,VIP early access inside,true,true
E001272,C0137,logan.0137@example.com,email_sent,2026-01-08 04:45:32,Survey,Tell us how we did,false,false
E001273,C0137,logan.0137@example.com,email_sent,2025-09-07 16:03:14,Survey,Tell us how we did,false,false
E001274,C0137,logan.0137@example.com,email_sent,2025-12-07 13:15:04,VIP Insider,VIP early access inside,false,false
E001275,C0137,logan.0137@example.com,email_sent,2025-10-24 02:22:52,Welcome Series,Welcome to your new box!,false,false
E001276,C0137,logan.0137@example.com,email_sent,2025-12-21 10:54:11,Survey,Tell us how we did,false,false
E001277,C0137,logan.0137@example.com,email_opened,2025-12-22 14:54:11,Survey,Tell us how we did,false,true
E001278,C0138,mason.0138@example.com,email_sent,2026-02-05 07:51:11,Welcome Series,Welcome to your new box!,false,false
E001279,C0138,mason.0138@example.com,email_opened,2026-02-06 10:51:11,Welcome Series,Welcome to your new box!,false,true
E001280,C0138,mason.0138@example.com,email_sent,2026-01-15 00:08:06,Monthly Picks,This month’s top picks,false,false
E001281,C0138,mason.0138@example.com,email_sent,2026-02-14 08:52:42,Monthly Picks,This month’s top picks,false,false
E001282,C0138,mason.0138@example.com,email_opened,2026-02-16 11:52:42,Monthly Picks,This month’s top picks,false,true
E001283,C0138,mason.0138@example.com,email_sent,2026-02-25 03:58:55,Survey,Tell us how we did,false,false
E001284,C0138,mason.0138@example.com,email_sent,2025-12-16 09:35:56,Welcome Series,Welcome to your new box!,false,false
E001285,C0138,mason.0138@example.com,email_opened,2025-12-18 16:35:56,Welcome Series,Welcome to your new box!,false,true
E001286,C0138,mason.0138@example.com,email_sent,2026-01-26 03:12:14,VIP Insider,VIP early access inside,false,false
E001287,C0138,mason.0138@example.com,email_opened,2026-01-26 13:12:14,VIP Insider,VIP early access inside,false,true
E001288,C0138,mason.0138@example.com,email_sent,2025-10-25 19:54:43,VIP Insider,VIP early access inside,false,false
E001289,C0139,elijah.0139@example.com,email_sent,2026-02-14 06:25:28,Survey,Tell us how we did,false,false
E001290,C0139,elijah.0139@example.com,email_opened,2026-02-14 19:25:28,Survey,Tell us how we did,false,true
E001291,C0139,elijah.0139@example.com,email_clicked,2026-02-15 14:25:28,Survey,Tell us how we did,true,true
E001292,C0139,elijah.0139@example.com,email_sent,2026-02-13 00:24:01,Welcome Series,Welcome to your new box!,false,false
E001293,C0139,elijah.0139@example.com,email_sent,2025-11-28 20:15:21,VIP Insider,VIP early access inside,false,false
E001294,C0139,elijah.0139@example.com,email_sent,2025-09-27 17:04:49,Shipping Update,Your box is on the way,false,false
E001295,C0139,elijah.0139@example.com,email_opened,2025-09-30 07:04:49,Shipping Update,Your box is on the way,false,true
E001296,C0139,elijah.0139@example.com,email_sent,2025-10-11 17:34:55,Monthly Picks,This month’s top picks,false,false
E001297,C0139,elijah.0139@example.com,email_opened,2025-10-12 19:34:55,Monthly Picks,This month’s top picks,false,true
E001298,C0140,amelia.0140@example.com,email_sent,2026-01-19 23:12:25,VIP Insider,VIP early access inside,false,false
E001299,C0140,amelia.0140@example.com,email_sent,2026-01-10 17:11:24,Welcome Series,Welcome to your new box!,false,false
E001300,C0140,amelia.0140@example.com,email_sent,2025-11-13 02:52:37,Monthly Picks,This month’s top picks,false,false
E001301,C0140,amelia.0140@example.com,email_sent,2026-01-10 22:26:39,Winback,We miss you — come back,false,false
E001302,C0141,camila.0141@example.com,email_sent,2025-11-09 01:08:27,Welcome Series,Welcome to your new box!,false,false
E001303,C0141,camila.0141@example.com,email_sent,2025-09-11 04:32:16,Monthly Picks,This month’s top picks,false,false
E001304,C0141,camila.0141@example.com,email_opened,2025-09-13 22:32:16,Monthly Picks,This month’s top picks,false,true
E001305,C0141,camila.0141@example.com,email_sent,2025-11-24 05:45:15,Shipping Update,Your box is on the way,false,false
E001306,C0141,camila.0141@example.com,email_sent,2026-01-19 07:19:44,Survey,Tell us how we did,false,false
E001307,C0141,camila.0141@example.com,email_opened,2026-01-19 12:19:44,Survey,Tell us how we did,false,true
E001308,C0141,camila.0141@example.com,email_clicked,2026-01-20 01:19:44,Survey,Tell us how we did,true,true
E001309,C0142,benjamin.0142@example.com,email_sent,2026-01-12 14:14:17,VIP Insider,VIP early access inside,false,false
E001310,C0142,benjamin.0142@example.com,email_sent,2026-01-05 18:15:15,Monthly Picks,This month’s top picks,false,false
E001311,C0142,benjamin.0142@example.com,email_sent,2026-02-02 10:29:02,Survey,Tell us how we did,false,false
E001312,C0142,benjamin.0142@example.com,email_sent,2026-01-30 00:29:17,Welcome Series,Welcome to your new box!,false,false
E001313,C0142,benjamin.0142@example.com,email_opened,2026-02-01 01:29:17,Welcome Series,Welcome to your new box!,false,true
E001314,C0142,benjamin.0142@example.com,email_sent,2025-11-26 10:24:05,Survey,Tell us how we did,false,false
E001315,C0142,benjamin.0142@example.com,email_opened,2025-11-27 02:24:05,Survey,Tell us how we did,false,true
E001316,C0142,benjamin.0142@example.com,email_clicked,2025-11-27 06:24:05,Survey,Tell us how we did,true,true
E001317,C0142,benjamin.0142@example.com,email_sent,2026-01-03 13:11:02,Winback,We miss you — come back,false,false
E001318,C0142,benjamin.0142@example.com,email_sent,2025-10-14 16:16:23,Shipping Update,Your box is on the way,false,false
E001319,C0142,benjamin.0142@example.com,email_opened,2025-10-17 06:16:23,Shipping Update,Your box is on the way,false,true
E001320,C0143,avery.0143@example.com,email_sent,2025-10-06 03:58:16,Shipping Update,Your box is on the way,false,false
E001321,C0143,avery.0143@example.com,email_opened,2025-10-08 11:58:16,Shipping Update,Your box is on the way,false,true
E001322,C0143,avery.0143@example.com,email_sent,2025-09-20 07:25:47,Monthly Picks,This month’s top picks,false,false
E001323,C0143,avery.0143@example.com,email_opened,2025-09-23 04:25:47,Monthly Picks,This month’s top picks,false,true
E001324,C0143,avery.0143@example.com,email_clicked,2025-09-24 03:25:47,Monthly Picks,This month’s top picks,true,true
E001325,C0143,avery.0143@example.com,email_sent,2025-11-16 11:13:29,Welcome Series,Welcome to your new box!,false,false
E001326,C0143,avery.0143@example.com,email_sent,2026-01-31 03:15:21,Shipping Update,Your box is on the way,false,false
E001327,C0144,benjamin.0144@example.com,email_sent,2025-12-10 18:15:16,Welcome Series,Welcome to your new box!,false,false
E001328,C0144,benjamin.0144@example.com,email_sent,2026-01-17 14:18:43,Shipping Update,Your box is on the way,false,false
E001329,C0144,benjamin.0144@example.com,email_sent,2025-09-25 02:17:53,Survey,Tell us how we did,false,false
E001330,C0144,benjamin.0144@example.com,email_sent,2026-01-06 21:12:58,Monthly Picks,This month’s top picks,false,false
E001331,C0144,benjamin.0144@example.com,email_sent,2026-02-15 09:13:37,Monthly Picks,This month’s top picks,false,false
E001332,C0144,benjamin.0144@example.com,email_sent,2025-09-02 00:48:41,Monthly Picks,This month’s top picks,false,false
E001333,C0144,benjamin.0144@example.com,email_sent,2025-09-24 21:25:57,VIP Insider,VIP early access inside,false,false
E001334,C0144,benjamin.0144@example.com,email_opened,2025-09-26 00:25:57,VIP Insider,VIP early access inside,false,true
E001335,C0145,matthew.0145@example.com,email_sent,2025-10-20 20:35:26,Shipping Update,Your box is on the way,false,false
E001336,C0145,matthew.0145@example.com,email_sent,2025-09-17 10:18:45,Welcome Series,Welcome to your new box!,false,false
E001337,C0145,matthew.0145@example.com,email_sent,2025-10-28 23:28:26,Shipping Update,Your box is on the way,false,false
E001338,C0145,matthew.0145@example.com,email_opened,2025-10-31 21:28:26,Shipping Update,Your box is on the way,false,true
E001339,C0145,matthew.0145@example.com,email_clicked,2025-11-01 19:28:26,Shipping Update,Your box is on the way,true,true
E001340,C0145,matthew.0145@example.com,email_sent,2025-10-19 05:20:04,Welcome Series,Welcome to your new box!,false,false
E001341,C0145,matthew.0145@example.com,email_opened,2025-10-22 00:20:04,Welcome Series,Welcome to your new box!,false,true
E001342,C0146,sofia.0146@example.com,email_sent,2025-12-13 17:05:51,Survey,Tell us how we did,false,false
E001343,C0146,sofia.0146@example.com,email_opened,2025-12-16 08:05:51,Survey,Tell us how we did,false,true
E001344,C0146,sofia.0146@example.com,email_sent,2026-02-24 20:33:25,Shipping Update,Your box is on the way,false,false
E001345,C0146,sofia.0146@example.com,email_sent,2025-12-27 16:58:00,VIP Insider,VIP early access inside,false,false
E001346,C0146,sofia.0146@example.com,email_opened,2025-12-28 19:58:00,VIP Insider,VIP early access inside,false,true
E001347,C0146,sofia.0146@example.com,email_sent,2026-02-07 04:22:25,Survey,Tell us how we did,false,false
E001348,C0146,sofia.0146@example.com,email_opened,2026-02-07 09:22:25,Survey,Tell us how we did,false,true
E001349,C0146,sofia.0146@example.com,email_clicked,2026-02-07 19:22:25,Survey,Tell us how we did,true,true
E001350,C0146,sofia.0146@example.com,email_sent,2025-09-27 01:27:16,Monthly Picks,This month’s top picks,false,false
E001351,C0146,sofia.0146@example.com,email_sent,2025-12-24 21:54:33,Monthly Picks,This month’s top picks,false,false
E001352,C0146,sofia.0146@example.com,email_opened,2025-12-25 14:54:33,Monthly Picks,This month’s top picks,false,true
E001353,C0147,david.0147@example.com,email_sent,2025-12-16 18:28:48,Welcome Series,Welcome to your new box!,false,false
E001354,C0147,david.0147@example.com,email_opened,2025-12-18 19:28:48,Welcome Series,Welcome to your new box!,false,true
E001355,C0147,david.0147@example.com,email_sent,2025-11-17 16:24:42,Monthly Picks,This month’s top picks,false,false
E001356,C0147,david.0147@example.com,email_opened,2025-11-19 01:24:42,Monthly Picks,This month’s top picks,false,true
E001357,C0147,david.0147@example.com,email_sent,2025-09-28 19:33:54,Survey,Tell us how we did,false,false
E001358,C0147,david.0147@example.com,email_opened,2025-09-29 05:33:54,Survey,Tell us how we did,false,true
E001359,C0147,david.0147@example.com,email_sent,2026-01-01 22:33:08,VIP Insider,VIP early access inside,false,false
E001360,C0147,david.0147@example.com,email_sent,2026-01-17 17:33:17,Monthly Picks,This month’s top picks,false,false
E001361,C0147,david.0147@example.com,email_opened,2026-01-20 11:33:17,Monthly Picks,This month’s top picks,false,true
E001362,C0147,david.0147@example.com,email_sent,2026-02-07 12:47:00,Winback,We miss you — come back,false,false
E001363,C0147,david.0147@example.com,email_opened,2026-02-09 20:47:00,Winback,We miss you — come back,false,true
E001364,C0147,david.0147@example.com,email_sent,2025-10-19 01:25:22,Shipping Update,Your box is on the way,false,false
E001365,C0147,david.0147@example.com,email_opened,2025-10-19 17:25:22,Shipping Update,Your box is on the way,false,true
E001366,C0148,oliver.0148@example.com,email_sent,2025-11-03 22:55:02,Welcome Series,Welcome to your new box!,false,false
E001367,C0148,oliver.0148@example.com,email_sent,2026-02-24 13:23:26,VIP Insider,VIP early access inside,false,false
E001368,C0148,oliver.0148@example.com,email_opened,2026-02-26 00:23:26,VIP Insider,VIP early access inside,false,true
E001369,C0148,oliver.0148@example.com,email_clicked,2026-02-26 08:23:26,VIP Insider,VIP early access inside,true,true
E001370,C0148,oliver.0148@example.com,email_sent,2025-09-02 21:57:59,VIP Insider,VIP early access inside,false,false
E001371,C0148,oliver.0148@example.com,email_opened,2025-09-04 02:57:59,VIP Insider,VIP early access inside,false,true
E001372,C0148,oliver.0148@example.com,email_sent,2026-01-30 23:48:10,Welcome Series,Welcome to your new box!,false,false
E001373,C0148,oliver.0148@example.com,email_sent,2025-12-12 05:33:16,Monthly Picks,This month’s top picks,false,false
E001374,C0148,oliver.0148@example.com,email_sent,2025-12-24 08:07:58,VIP Insider,VIP early access inside,false,false
E001375,C0148,oliver.0148@example.com,email_sent,2025-09-19 13:15:04,Winback,We miss you — come back,false,false
E001376,C0148,oliver.0148@example.com,email_opened,2025-09-21 02:15:04,Winback,We miss you — come back,false,true
E001377,C0149,matthew.0149@example.com,email_sent,2025-10-04 03:44:26,Welcome Series,Welcome to your new box!,false,false
E001378,C0149,matthew.0149@example.com,email_opened,2025-10-06 05:44:26,Welcome Series,Welcome to your new box!,false,true
E001379,C0149,matthew.0149@example.com,email_clicked,2025-10-07 05:44:26,Welcome Series,Welcome to your new box!,true,true
E001380,C0149,matthew.0149@example.com,email_sent,2026-02-01 03:49:45,Survey,Tell us how we did,false,false
E001381,C0149,matthew.0149@example.com,email_opened,2026-02-03 07:49:45,Survey,Tell us how we did,false,true
E001382,C0149,matthew.0149@example.com,email_sent,2025-10-21 07:18:42,Monthly Picks,This month’s top picks,false,false
E001383,C0149,matthew.0149@example.com,email_opened,2025-10-24 01:18:42,Monthly Picks,This month’s top picks,false,true
E001384,C0149,matthew.0149@example.com,email_sent,2025-09-25 12:55:09,Survey,Tell us how we did,false,false
E001385,C0149,matthew.0149@example.com,email_opened,2025-09-26 23:55:09,Survey,Tell us how we did,false,true
E001386,C0149,matthew.0149@example.com,email_clicked,2025-09-27 23:55:09,Survey,Tell us how we did,true,true
E001387,C0150,aiden.0150@example.com,email_sent,2026-01-29 23:32:37,Survey,Tell us how we did,false,false
E001388,C0150,aiden.0150@example.com,email_opened,2026-02-01 05:32:37,Survey,Tell us how we did,false,true
E001389,C0150,aiden.0150@example.com,email_sent,2025-11-25 05:42:06,Monthly Picks,This month’s top picks,false,false
E001390,C0150,aiden.0150@example.com,email_sent,2025-12-07 12:33:28,Winback,We miss you — come back,false,false
E001391,C0150,aiden.0150@example.com,email_opened,2025-12-09 19:33:28,Winback,We miss you — come back,false,true
E001392,C0150,aiden.0150@example.com,email_sent,2026-02-19 03:33:51,Survey,Tell us how we did,false,false
E001393,C0150,aiden.0150@example.com,email_sent,2025-10-30 06:16:35,Monthly Picks,This month’s top picks,false,false
E001394,C0150,aiden.0150@example.com,email_sent,2025-10-30 08:29:09,Welcome Series,Welcome to your new box!,false,false
E001395,C0150,aiden.0150@example.com,email_opened,2025-11-01 01:29:09,Welcome Series,Welcome to your new box!,false,true
E001396,C0151,daniel.0151@example.com,email_sent,2026-01-20 17:49:39,Welcome Series,Welcome to your new box!,false,false
E001397,C0151,daniel.0151@example.com,email_opened,2026-01-21 05:49:39,Welcome Series,Welcome to your new box!,false,true
E001398,C0151,daniel.0151@example.com,email_clicked,2026-01-21 07:49:39,Welcome Series,Welcome to your new box!,true,true
E001399,C0151,daniel.0151@example.com,email_sent,2026-01-23 08:32:21,Welcome Series,Welcome to your new box!,false,false
E001400,C0151,daniel.0151@example.com,email_opened,2026-01-26 00:32:21,Welcome Series,Welcome to your new box!,false,true
E001401,C0151,daniel.0151@example.com,email_sent,2025-11-22 07:54:24,Welcome Series,Welcome to your new box!,false,false
E001402,C0151,daniel.0151@example.com,email_sent,2025-09-27 11:48:08,Survey,Tell us how we did,false,false
E001403,C0151,daniel.0151@example.com,email_opened,2025-09-30 05:48:08,Survey,Tell us how we did,false,true
E001404,C0152,david.0152@example.com,email_sent,2025-09-03 16:46:47,Winback,We miss you — come back,false,false
E001405,C0152,david.0152@example.com,email_sent,2025-09-02 09:58:30,Survey,Tell us how we did,false,false
E001406,C0152,david.0152@example.com,email_sent,2025-12-13 18:08:02,Survey,Tell us how we did,false,false
E001407,C0152,david.0152@example.com,email_sent,2026-01-22 11:54:39,Monthly Picks,This month’s top picks,false,false
E001408,C0153,sofia.0153@example.com,email_sent,2025-11-27 02:52:12,Shipping Update,Your box is on the way,false,false
E001409,C0153,sofia.0153@example.com,email_sent,2026-02-28 14:58:40,Survey,Tell us how we did,false,false
E001410,C0153,sofia.0153@example.com,email_sent,2026-02-23 12:00:24,Shipping Update,Your box is on the way,false,false
E001411,C0153,sofia.0153@example.com,email_opened,2026-02-23 22:00:24,Shipping Update,Your box is on the way,false,true
E001412,C0153,sofia.0153@example.com,email_sent,2025-12-09 17:56:35,Monthly Picks,This month’s top picks,false,false
E001413,C0153,sofia.0153@example.com,email_opened,2025-12-10 00:56:35,Monthly Picks,This month’s top picks,false,true
E001414,C0154,samuel.0154@example.com,email_sent,2025-11-12 11:37:41,Monthly Picks,This month’s top picks,false,false
E001415,C0154,samuel.0154@example.com,email_sent,2026-02-25 11:45:33,VIP Insider,VIP early access inside,false,false
E001416,C0154,samuel.0154@example.com,email_sent,2026-02-13 04:54:30,Shipping Update,Your box is on the way,false,false
E001417,C0154,samuel.0154@example.com,email_sent,2025-10-27 07:47:58,Welcome Series,Welcome to your new box!,false,false
E001418,C0154,samuel.0154@example.com,email_opened,2025-10-28 21:47:58,Welcome Series,Welcome to your new box!,false,true
E001419,C0154,samuel.0154@example.com,email_sent,2026-01-22 07:26:56,Welcome Series,Welcome to your new box!,false,false
E001420,C0154,samuel.0154@example.com,email_sent,2025-10-13 05:27:06,Winback,We miss you — come back,false,false
E001421,C0154,samuel.0154@example.com,email_sent,2025-12-10 02:32:21,Survey,Tell us how we did,false,false
E001422,C0155,daniel.0155@example.com,email_sent,2026-02-21 07:19:23,Winback,We miss you — come back,false,false
E001423,C0155,daniel.0155@example.com,email_sent,2025-09-12 03:57:15,Winback,We miss you — come back,false,false
E001424,C0155,daniel.0155@example.com,email_opened,2025-09-14 14:57:15,Winback,We miss you — come back,false,true
E001425,C0155,daniel.0155@example.com,email_sent,2025-09-21 19:25:14,VIP Insider,VIP early access inside,false,false
E001426,C0155,daniel.0155@example.com,email_opened,2025-09-22 19:25:14,VIP Insider,VIP early access inside,false,true
E001427,C0155,daniel.0155@example.com,email_sent,2025-09-20 16:16:05,Welcome Series,Welcome to your new box!,false,false
E001428,C0155,daniel.0155@example.com,email_opened,2025-09-21 18:16:05,Welcome Series,Welcome to your new box!,false,true
E001429,C0155,daniel.0155@example.com,email_clicked,2025-09-22 11:16:05,Welcome Series,Welcome to your new box!,true,true
E001430,C0156,owen.0156@example.com,email_sent,2025-09-25 01:08:54,Winback,We miss you — come back,false,false
E001431,C0156,owen.0156@example.com,email_sent,2025-10-01 05:17:24,Welcome Series,Welcome to your new box!,false,false
E001432,C0156,owen.0156@example.com,email_sent,2025-10-14 21:40:48,VIP Insider,VIP early access inside,false,false
E001433,C0156,owen.0156@example.com,email_opened,2025-10-16 21:40:48,VIP Insider,VIP early access inside,false,true
E001434,C0156,owen.0156@example.com,email_sent,2026-02-21 05:55:21,Winback,We miss you — come back,false,false
E001435,C0156,owen.0156@example.com,email_opened,2026-02-22 16:55:21,Winback,We miss you — come back,false,true
E001436,C0156,owen.0156@example.com,email_clicked,2026-02-23 07:55:21,Winback,We miss you — come back,true,true
E001437,C0156,owen.0156@example.com,email_sent,2026-02-10 23:41:21,Survey,Tell us how we did,false,false
E001438,C0156,owen.0156@example.com,email_opened,2026-02-11 17:41:21,Survey,Tell us how we did,false,true
E001439,C0157,ella.0157@example.com,email_sent,2025-11-09 18:09:52,Welcome Series,Welcome to your new box!,false,false
E001440,C0157,ella.0157@example.com,email_sent,2025-10-09 12:54:43,Survey,Tell us how we did,false,false
E001441,C0157,ella.0157@example.com,email_opened,2025-10-11 01:54:43,Survey,Tell us how we did,false,true
E001442,C0157,ella.0157@example.com,email_clicked,2025-10-11 14:54:43,Survey,Tell us how we did,true,true
E001443,C0157,ella.0157@example.com,email_sent,2026-01-23 10:56:13,Winback,We miss you — come back,false,false
E001444,C0157,ella.0157@example.com,email_opened,2026-01-23 15:56:13,Winback,We miss you — come back,false,true
E001445,C0157,ella.0157@example.com,email_clicked,2026-01-23 22:56:13,Winback,We miss you — come back,true,true
E001446,C0157,ella.0157@example.com,email_sent,2026-01-08 04:15:23,Winback,We miss you — come back,false,false
E001447,C0157,ella.0157@example.com,email_sent,2025-11-21 18:26:47,Welcome Series,Welcome to your new box!,false,false
E001448,C0157,ella.0157@example.com,email_opened,2025-11-24 10:26:47,Welcome Series,Welcome to your new box!,false,true
E001449,C0157,ella.0157@example.com,email_sent,2025-09-25 17:53:07,Survey,Tell us how we did,false,false
E001450,C0157,ella.0157@example.com,email_opened,2025-09-27 21:53:07,Survey,Tell us how we did,false,true
E001451,C0157,ella.0157@example.com,email_sent,2026-02-11 16:57:28,Survey,Tell us how we did,false,false
E001452,C0158,charlotte.0158@example.com,email_sent,2025-09-21 22:45:19,Welcome Series,Welcome to your new box!,false,false
E001453,C0158,charlotte.0158@example.com,email_sent,2025-10-01 04:52:41,Monthly Picks,This month’s top picks,false,false
E001454,C0158,charlotte.0158@example.com,email_opened,2025-10-01 06:52:41,Monthly Picks,This month’s top picks,false,true
E001455,C0158,charlotte.0158@example.com,email_sent,2025-09-11 02:31:23,Monthly Picks,This month’s top picks,false,false
E001456,C0158,charlotte.0158@example.com,email_sent,2025-11-23 10:23:03,VIP Insider,VIP early access inside,false,false
E001457,C0158,charlotte.0158@example.com,email_sent,2025-09-02 13:25:02,Survey,Tell us how we did,false,false
E001458,C0158,charlotte.0158@example.com,email_opened,2025-09-04 03:25:02,Survey,Tell us how we did,false,true
E001459,C0159,charlotte.0159@example.com,email_sent,2025-10-19 02:35:09,Winback,We miss you — come back,false,false
E001460,C0159,charlotte.0159@example.com,email_sent,2025-12-09 06:33:01,Survey,Tell us how we did,false,false
E001461,C0159,charlotte.0159@example.com,email_opened,2025-12-10 18:33:01,Survey,Tell us how we did,false,true
E001462,C0159,charlotte.0159@example.com,email_sent,2026-01-15 02:41:26,VIP Insider,VIP early access inside,false,false
E001463,C0159,charlotte.0159@example.com,email_opened,2026-01-17 09:41:26,VIP Insider,VIP early access inside,false,true
E001464,C0159,charlotte.0159@example.com,email_clicked,2026-01-18 08:41:26,VIP Insider,VIP early access inside,true,true
E001465,C0159,charlotte.0159@example.com,email_sent,2026-01-15 03:34:20,Welcome Series,Welcome to your new box!,false,false
E001466,C0160,wyatt.0160@example.com,email_sent,2026-02-13 23:59:30,Monthly Picks,This month’s top picks,false,false
E001467,C0160,wyatt.0160@example.com,email_sent,2025-09-29 21:06:49,Survey,Tell us how we did,false,false
E001468,C0160,wyatt.0160@example.com,email_opened,2025-09-30 14:06:49,Survey,Tell us how we did,false,true
E001469,C0160,wyatt.0160@example.com,email_sent,2025-10-08 07:36:41,VIP Insider,VIP early access inside,false,false
E001470,C0160,wyatt.0160@example.com,email_sent,2025-09-04 10:18:28,Winback,We miss you — come back,false,false
E001471,C0160,wyatt.0160@example.com,email_sent,2026-02-15 20:09:48,Welcome Series,Welcome to your new box!,false,false
E001472,C0160,wyatt.0160@example.com,email_opened,2026-02-18 01:09:48,Welcome Series,Welcome to your new box!,false,true
E001473,C0161,emma.0161@example.com,email_sent,2025-11-05 06:42:08,Monthly Picks,This month’s top picks,false,false
E001474,C0161,emma.0161@example.com,email_opened,2025-11-05 14:42:08,Monthly Picks,This month’s top picks,false,true
E001475,C0161,emma.0161@example.com,email_sent,2025-09-11 00:43:55,Survey,Tell us how we did,false,false
E001476,C0161,emma.0161@example.com,email_opened,2025-09-12 11:43:55,Survey,Tell us how we did,false,true
E001477,C0161,emma.0161@example.com,email_sent,2026-01-17 04:13:45,VIP Insider,VIP early access inside,false,false
E001478,C0161,emma.0161@example.com,email_opened,2026-01-18 21:13:45,VIP Insider,VIP early access inside,false,true
E001479,C0161,emma.0161@example.com,email_sent,2025-09-08 22:33:25,Monthly Picks,This month’s top picks,false,false
E001480,C0161,emma.0161@example.com,email_opened,2025-09-10 16:33:25,Monthly Picks,This month’s top picks,false,true
E001481,C0161,emma.0161@example.com,email_clicked,2025-09-11 08:33:25,Monthly Picks,This month’s top picks,true,true
E001482,C0161,emma.0161@example.com,email_sent,2026-02-24 09:49:58,VIP Insider,VIP early access inside,false,false
E001483,C0162,aiden.0162@example.com,email_sent,2025-10-19 23:37:51,Monthly Picks,This month’s top picks,false,false
E001484,C0162,aiden.0162@example.com,email_sent,2025-11-04 21:52:03,VIP Insider,VIP early access inside,false,false
E001485,C0162,aiden.0162@example.com,email_opened,2025-11-05 10:52:03,VIP Insider,VIP early access inside,false,true
E001486,C0162,aiden.0162@example.com,email_sent,2025-12-17 03:25:34,Survey,Tell us how we did,false,false
E001487,C0162,aiden.0162@example.com,email_sent,2025-11-04 07:33:30,Monthly Picks,This month’s top picks,false,false
E001488,C0162,aiden.0162@example.com,email_opened,2025-11-06 06:33:30,Monthly Picks,This month’s top picks,false,true
E001489,C0162,aiden.0162@example.com,email_sent,2025-12-12 16:40:33,Shipping Update,Your box is on the way,false,false
E001490,C0162,aiden.0162@example.com,email_sent,2026-01-05 06:22:36,Monthly Picks,This month’s top picks,false,false
E001491,C0162,aiden.0162@example.com,email_opened,2026-01-07 08:22:36,Monthly Picks,This month’s top picks,false,true
E001492,C0162,aiden.0162@example.com,email_clicked,2026-01-07 12:22:36,Monthly Picks,This month’s top picks,true,true
E001493,C0162,aiden.0162@example.com,email_sent,2026-01-01 05:57:21,Monthly Picks,This month’s top picks,false,false
E001494,C0163,amelia.0163@example.com,email_sent,2025-12-23 21:34:28,Welcome Series,Welcome to your new box!,false,false
E001495,C0163,amelia.0163@example.com,email_sent,2026-02-06 17:24:09,Survey,Tell us how we did,false,false
E001496,C0163,amelia.0163@example.com,email_opened,2026-02-09 03:24:09,Survey,Tell us how we did,false,true
E001497,C0163,amelia.0163@example.com,email_sent,2025-12-16 03:14:34,Welcome Series,Welcome to your new box!,false,false
E001498,C0163,amelia.0163@example.com,email_sent,2026-01-19 20:22:44,VIP Insider,VIP early access inside,false,false
E001499,C0163,amelia.0163@example.com,email_opened,2026-01-20 22:22:44,VIP Insider,VIP early access inside,false,true
E001500,C0164,avery.0164@example.com,email_sent,2025-09-25 19:44:24,Welcome Series,Welcome to your new box!,false,false
E001501,C0164,avery.0164@example.com,email_opened,2025-09-28 18:44:24,Welcome Series,Welcome to your new box!,false,true
E001502,C0164,avery.0164@example.com,email_sent,2025-11-07 10:43:10,Shipping Update,Your box is on the way,false,false
E001503,C0164,avery.0164@example.com,email_sent,2026-01-01 07:22:55,Winback,We miss you — come back,false,false
E001504,C0164,avery.0164@example.com,email_sent,2025-09-14 03:32:40,Winback,We miss you — come back,false,false
E001505,C0164,avery.0164@example.com,email_opened,2025-09-16 23:32:40,Winback,We miss you — come back,false,true
E001506,C0164,avery.0164@example.com,email_sent,2026-02-01 13:47:31,Shipping Update,Your box is on the way,false,false
E001507,C0164,avery.0164@example.com,email_opened,2026-02-03 01:47:31,Shipping Update,Your box is on the way,false,true
E001508,C0165,dylan.0165@example.com,email_sent,2025-09-09 19:47:24,VIP Insider,VIP early access inside,false,false
E001509,C0165,dylan.0165@example.com,email_sent,2026-02-02 06:07:38,Welcome Series,Welcome to your new box!,false,false
E001510,C0165,dylan.0165@example.com,email_sent,2026-01-22 19:58:58,Monthly Picks,This month’s top picks,false,false
E001511,C0165,dylan.0165@example.com,email_sent,2026-01-11 22:54:23,Winback,We miss you — come back,false,false
E001512,C0165,dylan.0165@example.com,email_opened,2026-01-14 16:54:23,Winback,We miss you — come back,false,true
E001513,C0165,dylan.0165@example.com,email_sent,2025-11-25 00:02:21,Monthly Picks,This month’s top picks,false,false
E001514,C0166,scarlett.0166@example.com,email_sent,2026-01-30 08:08:15,Shipping Update,Your box is on the way,false,false
E001515,C0166,scarlett.0166@example.com,email_opened,2026-01-31 19:08:15,Shipping Update,Your box is on the way,false,true
E001516,C0166,scarlett.0166@example.com,email_clicked,2026-01-31 20:08:15,Shipping Update,Your box is on the way,true,true
E001517,C0166,scarlett.0166@example.com,email_sent,2025-12-21 01:14:15,Monthly Picks,This month’s top picks,false,false
E001518,C0166,scarlett.0166@example.com,email_opened,2025-12-21 03:14:15,Monthly Picks,This month’s top picks,false,true
E001519,C0166,scarlett.0166@example.com,email_sent,2025-11-28 10:30:31,Shipping Update,Your box is on the way,false,false
E001520,C0166,scarlett.0166@example.com,email_opened,2025-12-01 06:30:31,Shipping Update,Your box is on the way,false,true
E001521,C0166,scarlett.0166@example.com,email_sent,2025-10-28 13:09:17,Monthly Picks,This month’s top picks,false,false
E001522,C0166,scarlett.0166@example.com,email_sent,2025-09-24 03:03:43,Shipping Update,Your box is on the way,false,false
E001523,C0166,scarlett.0166@example.com,email_opened,2025-09-24 09:03:43,Shipping Update,Your box is on the way,false,true
E001524,C0166,scarlett.0166@example.com,email_sent,2025-09-08 14:10:32,VIP Insider,VIP early access inside,false,false
E001525,C0166,scarlett.0166@example.com,email_sent,2026-02-28 01:17:19,VIP Insider,VIP early access inside,false,false
E001526,C0166,scarlett.0166@example.com,email_opened,2026-02-28 08:17:19,VIP Insider,VIP early access inside,false,true
E001527,C0167,emma.0167@example.com,email_sent,2025-12-13 19:23:34,Monthly Picks,This month’s top picks,false,false
E001528,C0167,emma.0167@example.com,email_opened,2025-12-15 16:23:34,Monthly Picks,This month’s top picks,false,true
E001529,C0167,emma.0167@example.com,email_sent,2025-11-03 00:34:04,VIP Insider,VIP early access inside,false,false
E001530,C0167,emma.0167@example.com,email_opened,2025-11-05 23:34:04,VIP Insider,VIP early access inside,false,true
E001531,C0167,emma.0167@example.com,email_sent,2025-11-19 07:00:56,Monthly Picks,This month’s top picks,false,false
E001532,C0167,emma.0167@example.com,email_sent,2025-11-03 00:54:33,VIP Insider,VIP early access inside,false,false
E001533,C0167,emma.0167@example.com,email_sent,2026-02-06 10:28:22,Survey,Tell us how we did,false,false
E001534,C0167,emma.0167@example.com,email_opened,2026-02-08 08:28:22,Survey,Tell us how we did,false,true
E001535,C0167,emma.0167@example.com,email_clicked,2026-02-08 17:28:22,Survey,Tell us how we did,true,true
E001536,C0168,emily.0168@example.com,email_sent,2025-09-04 00:52:50,VIP Insider,VIP early access inside,false,false
E001537,C0168,emily.0168@example.com,email_opened,2025-09-04 14:52:50,VIP Insider,VIP early access inside,false,true
E001538,C0168,emily.0168@example.com,email_sent,2025-11-14 04:09:37,Survey,Tell us how we did,false,false
E001539,C0168,emily.0168@example.com,email_sent,2026-02-16 22:36:50,VIP Insider,VIP early access inside,false,false
E001540,C0168,emily.0168@example.com,email_sent,2025-12-16 23:16:35,Shipping Update,Your box is on the way,false,false
E001541,C0168,emily.0168@example.com,email_opened,2025-12-19 08:16:35,Shipping Update,Your box is on the way,false,true
E001542,C0168,emily.0168@example.com,email_clicked,2025-12-19 17:16:35,Shipping Update,Your box is on the way,true,true
E001543,C0168,emily.0168@example.com,email_sent,2025-12-22 22:44:59,Monthly Picks,This month’s top picks,false,false
E001544,C0169,avery.0169@example.com,email_sent,2025-11-26 14:46:16,Monthly Picks,This month’s top picks,false,false
E001545,C0169,avery.0169@example.com,email_opened,2025-11-28 22:46:16,Monthly Picks,This month’s top picks,false,true
E001546,C0169,avery.0169@example.com,email_sent,2025-09-19 04:37:55,Winback,We miss you — come back,false,false
E001547,C0169,avery.0169@example.com,email_opened,2025-09-21 15:37:55,Winback,We miss you — come back,false,true
E001548,C0169,avery.0169@example.com,email_clicked,2025-09-21 21:37:55,Winback,We miss you — come back,true,true
E001549,C0169,avery.0169@example.com,email_sent,2025-12-20 14:47:55,Monthly Picks,This month’s top picks,false,false
E001550,C0169,avery.0169@example.com,email_opened,2025-12-21 14:47:55,Monthly Picks,This month’s top picks,false,true
E001551,C0169,avery.0169@example.com,email_sent,2025-10-31 05:27:05,Welcome Series,Welcome to your new box!,false,false
E001552,C0169,avery.0169@example.com,email_opened,2025-11-01 04:27:05,Welcome Series,Welcome to your new box!,false,true
E001553,C0169,avery.0169@example.com,email_sent,2025-12-28 00:39:22,Survey,Tell us how we did,false,false
E001554,C0169,avery.0169@example.com,email_opened,2025-12-28 19:39:22,Survey,Tell us how we did,false,true
E001555,C0169,avery.0169@example.com,email_clicked,2025-12-29 03:39:22,Survey,Tell us how we did,true,true
E001556,C0169,avery.0169@example.com,email_sent,2026-02-24 12:51:28,Winback,We miss you — come back,false,false
E001557,C0169,avery.0169@example.com,email_sent,2025-09-20 11:07:24,Winback,We miss you — come back,false,false
E001558,C0170,james.0170@example.com,email_sent,2026-01-24 17:19:24,Survey,Tell us how we did,false,false
E001559,C0170,james.0170@example.com,email_sent,2025-09-20 08:46:30,Shipping Update,Your box is on the way,false,false
E001560,C0170,james.0170@example.com,email_opened,2025-09-20 11:46:30,Shipping Update,Your box is on the way,false,true
E001561,C0170,james.0170@example.com,email_clicked,2025-09-20 12:46:30,Shipping Update,Your box is on the way,true,true
E001562,C0170,james.0170@example.com,email_sent,2025-09-09 11:50:36,Survey,Tell us how we did,false,false
E001563,C0170,james.0170@example.com,email_opened,2025-09-09 22:50:36,Survey,Tell us how we did,false,true
E001564,C0170,james.0170@example.com,email_sent,2025-12-26 10:30:42,Survey,Tell us how we did,false,false
E001565,C0170,james.0170@example.com,email_opened,2025-12-26 12:30:42,Survey,Tell us how we did,false,true
E001566,C0170,james.0170@example.com,email_sent,2025-12-15 07:37:41,Welcome Series,Welcome to your new box!,false,false
E001567,C0171,aria.0171@example.com,email_sent,2025-09-17 11:57:59,Survey,Tell us how we did,false,false
E001568,C0171,aria.0171@example.com,email_opened,2025-09-20 01:57:59,Survey,Tell us how we did,false,true
E001569,C0171,aria.0171@example.com,email_sent,2026-02-06 08:20:31,Winback,We miss you — come back,false,false
E001570,C0171,aria.0171@example.com,email_opened,2026-02-08 03:20:31,Winback,We miss you — come back,false,true
E001571,C0171,aria.0171@example.com,email_sent,2025-09-11 20:23:55,Monthly Picks,This month’s top picks,false,false
E001572,C0171,aria.0171@example.com,email_opened,2025-09-13 07:23:55,Monthly Picks,This month’s top picks,false,true
E001573,C0171,aria.0171@example.com,email_sent,2025-09-05 02:50:09,Welcome Series,Welcome to your new box!,false,false
E001574,C0171,aria.0171@example.com,email_sent,2025-12-15 18:12:58,Welcome Series,Welcome to your new box!,false,false
E001575,C0171,aria.0171@example.com,email_opened,2025-12-18 12:12:58,Welcome Series,Welcome to your new box!,false,true
E001576,C0171,aria.0171@example.com,email_sent,2025-09-28 12:59:56,Winback,We miss you — come back,false,false
E001577,C0171,aria.0171@example.com,email_opened,2025-09-29 17:59:56,Winback,We miss you — come back,false,true
E001578,C0171,aria.0171@example.com,email_clicked,2025-09-30 07:59:56,Winback,We miss you — come back,true,true
E001579,C0172,ella.0172@example.com,email_sent,2025-11-08 14:32:36,Monthly Picks,This month’s top picks,false,false
E001580,C0172,ella.0172@example.com,email_sent,2026-02-26 23:23:27,Monthly Picks,This month’s top picks,false,false
E001581,C0172,ella.0172@example.com,email_sent,2026-01-12 08:33:46,Winback,We miss you — come back,false,false
E001582,C0172,ella.0172@example.com,email_sent,2025-12-05 12:03:00,Welcome Series,Welcome to your new box!,false,false
E001583,C0172,ella.0172@example.com,email_opened,2025-12-06 03:03:00,Welcome Series,Welcome to your new box!,false,true
E001584,C0172,ella.0172@example.com,email_clicked,2025-12-06 13:03:00,Welcome Series,Welcome to your new box!,true,true
E001585,C0172,ella.0172@example.com,email_sent,2025-09-15 19:32:12,VIP Insider,VIP early access inside,false,false
E001586,C0172,ella.0172@example.com,email_sent,2025-11-10 00:01:17,Welcome Series,Welcome to your new box!,false,false
E001587,C0172,ella.0172@example.com,email_sent,2026-02-21 21:44:08,Welcome Series,Welcome to your new box!,false,false
E001588,C0172,ella.0172@example.com,email_opened,2026-02-22 17:44:08,Welcome Series,Welcome to your new box!,false,true
E001589,C0172,ella.0172@example.com,email_clicked,2026-02-23 10:44:08,Welcome Series,Welcome to your new box!,true,true
E001590,C0173,abigail.0173@example.com,email_sent,2025-10-06 05:13:27,Shipping Update,Your box is on the way,false,false
E001591,C0173,abigail.0173@example.com,email_sent,2026-02-21 10:13:46,Monthly Picks,This month’s top picks,false,false
E001592,C0173,abigail.0173@example.com,email_sent,2025-12-31 07:35:04,VIP Insider,VIP early access inside,false,false
E001593,C0173,abigail.0173@example.com,email_sent,2026-02-17 23:40:11,VIP Insider,VIP early access inside,false,false
E001594,C0173,abigail.0173@example.com,email_opened,2026-02-20 15:40:11,VIP Insider,VIP early access inside,false,true
E001595,C0173,abigail.0173@example.com,email_sent,2026-02-05 10:13:34,VIP Insider,VIP early access inside,false,false
E001596,C0173,abigail.0173@example.com,email_sent,2026-02-01 04:20:09,Welcome Series,Welcome to your new box!,false,false
E001597,C0173,abigail.0173@example.com,email_opened,2026-02-02 00:20:09,Welcome Series,Welcome to your new box!,false,true
E001598,C0174,camila.0174@example.com,email_sent,2025-09-29 16:42:20,VIP Insider,VIP early access inside,false,false
E001599,C0174,camila.0174@example.com,email_opened,2025-10-02 06:42:20,VIP Insider,VIP early access inside,false,true
E001600,C0174,camila.0174@example.com,email_sent,2025-12-22 04:56:34,Welcome Series,Welcome to your new box!,false,false
E001601,C0174,camila.0174@example.com,email_opened,2025-12-23 16:56:34,Welcome Series,Welcome to your new box!,false,true
E001602,C0174,camila.0174@example.com,email_clicked,2025-12-24 03:56:34,Welcome Series,Welcome to your new box!,true,true
E001603,C0174,camila.0174@example.com,email_sent,2025-10-06 07:35:11,Monthly Picks,This month’s top picks,false,false
E001604,C0174,camila.0174@example.com,email_sent,2025-11-02 00:07:09,VIP Insider,VIP early access inside,false,false
E001605,C0174,camila.0174@example.com,email_opened,2025-11-04 14:07:09,VIP Insider,VIP early access inside,false,true
E001606,C0174,camila.0174@example.com,email_sent,2025-12-26 20:19:34,Winback,We miss you — come back,false,false
E001607,C0175,owen.0175@example.com,email_sent,2026-02-03 18:14:51,Monthly Picks,This month’s top picks,false,false
E001608,C0175,owen.0175@example.com,email_sent,2025-11-14 09:46:21,Monthly Picks,This month’s top picks,false,false
E001609,C0175,owen.0175@example.com,email_opened,2025-11-17 01:46:21,Monthly Picks,This month’s top picks,false,true
E001610,C0175,owen.0175@example.com,email_sent,2025-12-13 09:30:38,Winback,We miss you — come back,false,false
E001611,C0175,owen.0175@example.com,email_opened,2025-12-14 15:30:38,Winback,We miss you — come back,false,true
E001612,C0175,owen.0175@example.com,email_sent,2026-01-17 19:46:24,Shipping Update,Your box is on the way,false,false
E001613,C0175,owen.0175@example.com,email_opened,2026-01-19 00:46:24,Shipping Update,Your box is on the way,false,true
E001614,C0175,owen.0175@example.com,email_sent,2025-11-10 05:41:17,Monthly Picks,This month’s top picks,false,false
E001615,C0175,owen.0175@example.com,email_opened,2025-11-10 08:41:17,Monthly Picks,This month’s top picks,false,true
E001616,C0175,owen.0175@example.com,email_sent,2025-09-26 22:35:13,Winback,We miss you — come back,false,false
E001617,C0176,mia.0176@example.com,email_sent,2025-11-10 01:43:21,VIP Insider,VIP early access inside,false,false
E001618,C0176,mia.0176@example.com,email_sent,2025-10-28 05:23:20,Monthly Picks,This month’s top picks,false,false
E001619,C0176,mia.0176@example.com,email_opened,2025-10-31 04:23:20,Monthly Picks,This month’s top picks,false,true
E001620,C0176,mia.0176@example.com,email_sent,2025-10-18 02:07:11,Winback,We miss you — come back,false,false
E001621,C0176,mia.0176@example.com,email_opened,2025-10-19 07:07:11,Winback,We miss you — come back,false,true
E001622,C0176,mia.0176@example.com,email_clicked,2025-10-19 12:07:11,Winback,We miss you — come back,true,true
E001623,C0176,mia.0176@example.com,email_sent,2026-01-14 02:34:23,Welcome Series,Welcome to your new box!,false,false
E001624,C0177,henry.0177@example.com,email_sent,2025-09-06 02:47:07,Survey,Tell us how we did,false,false
E001625,C0177,henry.0177@example.com,email_sent,2025-11-12 04:10:26,Winback,We miss you — come back,false,false
E001626,C0177,henry.0177@example.com,email_opened,2025-11-12 18:10:26,Winback,We miss you — come back,false,true
E001627,C0177,henry.0177@example.com,email_sent,2025-12-02 14:10:22,Welcome Series,Welcome to your new box!,false,false
E001628,C0177,henry.0177@example.com,email_sent,2025-09-06 20:40:32,Monthly Picks,This month’s top picks,false,false
E001629,C0177,henry.0177@example.com,email_opened,2025-09-07 15:40:32,Monthly Picks,This month’s top picks,false,true
E001630,C0177,henry.0177@example.com,email_clicked,2025-09-07 18:40:32,Monthly Picks,This month’s top picks,true,true
E001631,C0177,henry.0177@example.com,email_sent,2025-12-20 12:35:08,Welcome Series,Welcome to your new box!,false,false
E001632,C0177,henry.0177@example.com,email_sent,2025-09-30 01:43:58,Winback,We miss you — come back,false,false
E001633,C0177,henry.0177@example.com,email_sent,2026-01-23 09:13:52,Winback,We miss you — come back,false,false
E001634,C0177,henry.0177@example.com,email_opened,2026-01-26 05:13:52,Winback,We miss you — come back,false,true
E001635,C0178,elijah.0178@example.com,email_sent,2025-11-19 21:50:01,Winback,We miss you — come back,false,false
E001636,C0178,elijah.0178@example.com,email_sent,2026-01-30 17:34:24,Winback,We miss you — come back,false,false
E001637,C0178,elijah.0178@example.com,email_sent,2025-10-26 16:26:26,Welcome Series,Welcome to your new box!,false,false
E001638,C0178,elijah.0178@example.com,email_opened,2025-10-27 00:26:26,Welcome Series,Welcome to your new box!,false,true
E001639,C0178,elijah.0178@example.com,email_sent,2025-12-27 07:39:10,Welcome Series,Welcome to your new box!,false,false
E001640,C0178,elijah.0178@example.com,email_sent,2025-10-02 03:16:46,Shipping Update,Your box is on the way,false,false
E001641,C0178,elijah.0178@example.com,email_opened,2025-10-04 10:16:46,Shipping Update,Your box is on the way,false,true
E001642,C0178,elijah.0178@example.com,email_sent,2025-12-17 14:33:13,Winback,We miss you — come back,false,false
E001643,C0179,ella.0179@example.com,email_sent,2025-12-07 10:53:42,Shipping Update,Your box is on the way,false,false
E001644,C0179,ella.0179@example.com,email_opened,2025-12-08 16:53:42,Shipping Update,Your box is on the way,false,true
E001645,C0179,ella.0179@example.com,email_sent,2025-10-23 18:48:30,Monthly Picks,This month’s top picks,false,false
E001646,C0179,ella.0179@example.com,email_sent,2025-11-13 07:33:30,Shipping Update,Your box is on the way,false,false
E001647,C0179,ella.0179@example.com,email_sent,2026-01-23 07:15:32,Monthly Picks,This month’s top picks,false,false
E001648,C0179,ella.0179@example.com,email_opened,2026-01-23 15:15:32,Monthly Picks,This month’s top picks,false,true
E001649,C0179,ella.0179@example.com,email_clicked,2026-01-23 21:15:32,Monthly Picks,This month’s top picks,true,true
E001650,C0179,ella.0179@example.com,email_sent,2025-12-18 14:30:01,Survey,Tell us how we did,false,false
E001651,C0179,ella.0179@example.com,email_sent,2026-02-06 13:26:23,Welcome Series,Welcome to your new box!,false,false
E001652,C0180,camila.0180@example.com,email_sent,2026-01-05 17:48:08,VIP Insider,VIP early access inside,false,false
E001653,C0180,camila.0180@example.com,email_sent,2025-10-03 00:08:13,Winback,We miss you — come back,false,false
E001654,C0180,camila.0180@example.com,email_opened,2025-10-05 00:08:13,Winback,We miss you — come back,false,true
E001655,C0180,camila.0180@example.com,email_sent,2025-10-23 09:54:58,Monthly Picks,This month’s top picks,false,false
E001656,C0180,camila.0180@example.com,email_opened,2025-10-23 19:54:58,Monthly Picks,This month’s top picks,false,true
E001657,C0180,camila.0180@example.com,email_sent,2025-09-06 10:43:01,VIP Insider,VIP early access inside,false,false
E001658,C0180,camila.0180@example.com,email_opened,2025-09-07 07:43:01,VIP Insider,VIP early access inside,false,true
E001659,C0180,camila.0180@example.com,email_sent,2025-10-12 03:34:18,Welcome Series,Welcome to your new box!,false,false
E001660,C0180,camila.0180@example.com,email_sent,2025-10-07 10:56:58,VIP Insider,VIP early access inside,false,false
E001661,C0180,camila.0180@example.com,email_sent,2026-02-28 10:23:41,Survey,Tell us how we did,false,false
E001662,C0180,camila.0180@example.com,email_opened,2026-03-01 21:23:41,Survey,Tell us how we did,false,true
E001663,C0180,camila.0180@example.com,email_clicked,2026-03-02 16:23:41,Survey,Tell us how we did,true,true
E001664,C0181,joseph.0181@example.com,email_sent,2026-02-01 10:43:07,Shipping Update,Your box is on the way,false,false
E001665,C0181,joseph.0181@example.com,email_opened,2026-02-01 17:43:07,Shipping Update,Your box is on the way,false,true
E001666,C0181,joseph.0181@example.com,email_sent,2025-09-02 15:30:49,VIP Insider,VIP early access inside,false,false
E001667,C0181,joseph.0181@example.com,email_sent,2025-11-17 07:27:00,VIP Insider,VIP early access inside,false,false
E001668,C0181,joseph.0181@example.com,email_opened,2025-11-19 00:27:00,VIP Insider,VIP early access inside,false,true
E001669,C0181,joseph.0181@example.com,email_sent,2025-11-09 02:19:19,Survey,Tell us how we did,false,false
E001670,C0182,elijah.0182@example.com,email_sent,2025-11-19 02:05:34,VIP Insider,VIP early access inside,false,false
E001671,C0182,elijah.0182@example.com,email_sent,2025-09-20 14:42:27,Shipping Update,Your box is on the way,false,false
E001672,C0182,elijah.0182@example.com,email_opened,2025-09-21 10:42:27,Shipping Update,Your box is on the way,false,true
E001673,C0182,elijah.0182@example.com,email_clicked,2025-09-21 23:42:27,Shipping Update,Your box is on the way,true,true
E001674,C0182,elijah.0182@example.com,email_sent,2025-12-23 20:37:38,Winback,We miss you — come back,false,false
E001675,C0182,elijah.0182@example.com,email_sent,2025-10-27 08:03:15,Welcome Series,Welcome to your new box!,false,false
E001676,C0182,elijah.0182@example.com,email_opened,2025-10-29 20:03:15,Welcome Series,Welcome to your new box!,false,true
E001677,C0182,elijah.0182@example.com,email_clicked,2025-10-30 17:03:15,Welcome Series,Welcome to your new box!,true,true
E001678,C0183,logan.0183@example.com,email_sent,2025-10-15 23:11:41,Survey,Tell us how we did,false,false
E001679,C0183,logan.0183@example.com,email_sent,2026-01-06 00:53:12,Survey,Tell us how we did,false,false
E001680,C0183,logan.0183@example.com,email_opened,2026-01-06 21:53:12,Survey,Tell us how we did,false,true
E001681,C0183,logan.0183@example.com,email_sent,2025-12-10 06:08:09,Shipping Update,Your box is on the way,false,false
E001682,C0183,logan.0183@example.com,email_sent,2026-01-05 11:43:13,Shipping Update,Your box is on the way,false,false
E001683,C0183,logan.0183@example.com,email_opened,2026-01-07 07:43:13,Shipping Update,Your box is on the way,false,true
E001684,C0184,mason.0184@example.com,email_sent,2025-10-27 11:25:12,VIP Insider,VIP early access inside,false,false
E001685,C0184,mason.0184@example.com,email_opened,2025-10-29 19:25:12,VIP Insider,VIP early access inside,false,true
E001686,C0184,mason.0184@example.com,email_clicked,2025-10-30 18:25:12,VIP Insider,VIP early access inside,true,true
E001687,C0184,mason.0184@example.com,email_sent,2025-11-15 06:30:23,Survey,Tell us how we did,false,false
E001688,C0184,mason.0184@example.com,email_opened,2025-11-15 16:30:23,Survey,Tell us how we did,false,true
E001689,C0184,mason.0184@example.com,email_sent,2025-12-31 21:42:42,Shipping Update,Your box is on the way,false,false
E001690,C0184,mason.0184@example.com,email_sent,2026-02-04 06:17:49,Welcome Series,Welcome to your new box!,false,false
E001691,C0184,mason.0184@example.com,email_opened,2026-02-05 22:17:49,Welcome Series,Welcome to your new box!,false,true
E001692,C0184,mason.0184@example.com,email_sent,2025-12-06 21:05:58,Welcome Series,Welcome to your new box!,false,false
E001693,C0184,mason.0184@example.com,email_opened,2025-12-08 14:05:58,Welcome Series,Welcome to your new box!,false,true
E001694,C0184,mason.0184@example.com,email_clicked,2025-12-09 00:05:58,Welcome Series,Welcome to your new box!,true,true
E001695,C0185,david.0185@example.com,email_sent,2025-10-25 09:26:28,Welcome Series,Welcome to your new box!,false,false
E001696,C0185,david.0185@example.com,email_sent,2025-09-18 07:50:18,VIP Insider,VIP early access inside,false,false
E001697,C0185,david.0185@example.com,email_opened,2025-09-20 18:50:18,VIP Insider,VIP early access inside,false,true
E001698,C0185,david.0185@example.com,email_sent,2025-10-20 17:10:08,Winback,We miss you — come back,false,false
E001699,C0185,david.0185@example.com,email_sent,2026-01-05 06:34:50,Winback,We miss you — come back,false,false
E001700,C0185,david.0185@example.com,email_sent,2025-12-20 10:29:23,Welcome Series,Welcome to your new box!,false,false
E001701,C0185,david.0185@example.com,email_opened,2025-12-22 09:29:23,Welcome Series,Welcome to your new box!,false,true
E001702,C0186,mia.0186@example.com,email_sent,2026-02-14 09:54:50,Winback,We miss you — come back,false,false
E001703,C0186,mia.0186@example.com,email_sent,2025-09-26 01:06:36,Survey,Tell us how we did,false,false
E001704,C0186,mia.0186@example.com,email_opened,2025-09-28 19:06:36,Survey,Tell us how we did,false,true
E001705,C0186,mia.0186@example.com,email_sent,2025-11-12 13:29:22,VIP Insider,VIP early access inside,false,false
E001706,C0186,mia.0186@example.com,email_opened,2025-11-14 18:29:22,VIP Insider,VIP early access inside,false,true
E001707,C0186,mia.0186@example.com,email_sent,2026-02-18 09:01:13,VIP Insider,VIP early access inside,false,false
E001708,C0186,mia.0186@example.com,email_sent,2025-09-09 06:52:57,Survey,Tell us how we did,false,false
E001709,C0186,mia.0186@example.com,email_sent,2025-09-12 01:54:45,Survey,Tell us how we did,false,false
E001710,C0186,mia.0186@example.com,email_sent,2026-01-14 21:02:57,Monthly Picks,This month’s top picks,false,false
E001711,C0187,samuel.0187@example.com,email_sent,2026-02-13 15:32:48,Monthly Picks,This month’s top picks,false,false
E001712,C0187,samuel.0187@example.com,email_opened,2026-02-15 16:32:48,Monthly Picks,This month’s top picks,false,true
E001713,C0187,samuel.0187@example.com,email_clicked,2026-02-16 05:32:48,Monthly Picks,This month’s top picks,true,true
E001714,C0187,samuel.0187@example.com,email_sent,2025-10-14 07:29:39,Welcome Series,Welcome to your new box!,false,false
E001715,C0187,samuel.0187@example.com,email_opened,2025-10-16 19:29:39,Welcome Series,Welcome to your new box!,false,true
E001716,C0187,samuel.0187@example.com,email_sent,2025-11-30 11:08:49,VIP Insider,VIP early access inside,false,false
E001717,C0187,samuel.0187@example.com,email_opened,2025-12-03 08:08:49,VIP Insider,VIP early access inside,false,true
E001718,C0187,samuel.0187@example.com,email_sent,2025-09-22 04:31:53,Winback,We miss you — come back,false,false
E001719,C0187,samuel.0187@example.com,email_opened,2025-09-22 18:31:53,Winback,We miss you — come back,false,true
E001720,C0188,dylan.0188@example.com,email_sent,2025-10-09 17:36:08,Winback,We miss you — come back,false,false
E001721,C0188,dylan.0188@example.com,email_opened,2025-10-10 02:36:08,Winback,We miss you — come back,false,true
E001722,C0188,dylan.0188@example.com,email_sent,2025-12-04 10:17:56,Shipping Update,Your box is on the way,false,false
E001723,C0188,dylan.0188@example.com,email_opened,2025-12-06 23:17:56,Shipping Update,Your box is on the way,false,true
E001724,C0188,dylan.0188@example.com,email_clicked,2025-12-07 14:17:56,Shipping Update,Your box is on the way,true,true
E001725,C0188,dylan.0188@example.com,email_sent,2025-12-15 20:15:45,Welcome Series,Welcome to your new box!,false,false
E001726,C0188,dylan.0188@example.com,email_opened,2025-12-18 09:15:45,Welcome Series,Welcome to your new box!,false,true
E001727,C0188,dylan.0188@example.com,email_clicked,2025-12-18 16:15:45,Welcome Series,Welcome to your new box!,true,true
E001728,C0188,dylan.0188@example.com,email_sent,2025-12-20 08:02:04,VIP Insider,VIP early access inside,false,false
E001729,C0188,dylan.0188@example.com,email_opened,2025-12-22 09:02:04,VIP Insider,VIP early access inside,false,true
E001730,C0188,dylan.0188@example.com,email_clicked,2025-12-22 21:02:04,VIP Insider,VIP early access inside,true,true
E001731,C0188,dylan.0188@example.com,email_sent,2025-12-01 22:14:55,Winback,We miss you — come back,false,false
E001732,C0188,dylan.0188@example.com,email_opened,2025-12-03 02:14:55,Winback,We miss you — come back,false,true
E001733,C0188,dylan.0188@example.com,email_sent,2025-11-22 02:57:06,Survey,Tell us how we did,false,false
E001734,C0188,dylan.0188@example.com,email_opened,2025-11-23 01:57:06,Survey,Tell us how we did,false,true
E001735,C0188,dylan.0188@example.com,email_clicked,2025-11-23 04:57:06,Survey,Tell us how we did,true,true
E001736,C0188,dylan.0188@example.com,email_sent,2025-11-18 15:45:21,VIP Insider,VIP early access inside,false,false
E001737,C0188,dylan.0188@example.com,email_opened,2025-11-21 01:45:21,VIP Insider,VIP early access inside,false,true
E001738,C0189,emily.0189@example.com,email_sent,2026-02-21 10:01:25,Survey,Tell us how we did,false,false
E001739,C0189,emily.0189@example.com,email_opened,2026-02-21 17:01:25,Survey,Tell us how we did,false,true
E001740,C0189,emily.0189@example.com,email_clicked,2026-02-22 07:01:25,Survey,Tell us how we did,true,true
E001741,C0189,emily.0189@example.com,email_sent,2026-01-25 06:03:17,VIP Insider,VIP early access inside,false,false
E001742,C0189,emily.0189@example.com,email_opened,2026-01-26 08:03:17,VIP Insider,VIP early access inside,false,true
E001743,C0189,emily.0189@example.com,email_sent,2025-12-03 12:32:10,Winback,We miss you — come back,false,false
E001744,C0189,emily.0189@example.com,email_opened,2025-12-04 09:32:10,Winback,We miss you — come back,false,true
E001745,C0189,emily.0189@example.com,email_sent,2025-11-08 20:59:10,Winback,We miss you — come back,false,false
E001746,C0189,emily.0189@example.com,email_sent,2025-11-15 13:30:51,Shipping Update,Your box is on the way,false,false
E001747,C0190,matthew.0190@example.com,email_sent,2026-01-19 08:08:11,Welcome Series,Welcome to your new box!,false,false
E001748,C0190,matthew.0190@example.com,email_sent,2025-09-29 01:57:54,Shipping Update,Your box is on the way,false,false
E001749,C0190,matthew.0190@example.com,email_opened,2025-09-30 18:57:54,Shipping Update,Your box is on the way,false,true
E001750,C0190,matthew.0190@example.com,email_clicked,2025-10-01 09:57:54,Shipping Update,Your box is on the way,true,true
E001751,C0190,matthew.0190@example.com,email_sent,2025-12-06 23:35:07,Monthly Picks,This month’s top picks,false,false
E001752,C0190,matthew.0190@example.com,email_sent,2026-02-01 19:03:57,Welcome Series,Welcome to your new box!,false,false
E001753,C0190,matthew.0190@example.com,email_sent,2025-10-22 00:44:57,Winback,We miss you — come back,false,false
E001754,C0190,matthew.0190@example.com,email_opened,2025-10-22 01:44:57,Winback,We miss you — come back,false,true
E001755,C0191,avery.0191@example.com,email_sent,2025-11-27 06:01:23,Survey,Tell us how we did,false,false
E001756,C0191,avery.0191@example.com,email_sent,2025-09-19 22:07:53,Shipping Update,Your box is on the way,false,false
E001757,C0191,avery.0191@example.com,email_opened,2025-09-20 23:07:53,Shipping Update,Your box is on the way,false,true
E001758,C0191,avery.0191@example.com,email_sent,2026-01-29 08:53:34,Shipping Update,Your box is on the way,false,false
E001759,C0191,avery.0191@example.com,email_opened,2026-01-31 09:53:34,Shipping Update,Your box is on the way,false,true
E001760,C0191,avery.0191@example.com,email_clicked,2026-01-31 16:53:34,Shipping Update,Your box is on the way,true,true
E001761,C0191,avery.0191@example.com,email_sent,2026-01-10 23:17:49,Monthly Picks,This month’s top picks,false,false
E001762,C0191,avery.0191@example.com,email_sent,2025-11-11 21:31:11,Welcome Series,Welcome to your new box!,false,false
E001763,C0192,oliver.0192@example.com,email_sent,2026-02-22 02:42:53,VIP Insider,VIP early access inside,false,false
E001764,C0192,oliver.0192@example.com,email_opened,2026-02-22 18:42:53,VIP Insider,VIP early access inside,false,true
E001765,C0192,oliver.0192@example.com,email_sent,2025-11-28 13:06:08,Survey,Tell us how we did,false,false
E001766,C0192,oliver.0192@example.com,email_opened,2025-11-30 11:06:08,Survey,Tell us how we did,false,true
E001767,C0192,oliver.0192@example.com,email_sent,2025-11-22 16:36:03,Shipping Update,Your box is on the way,false,false
E001768,C0192,oliver.0192@example.com,email_opened,2025-11-24 11:36:03,Shipping Update,Your box is on the way,false,true
E001769,C0192,oliver.0192@example.com,email_clicked,2025-11-24 17:36:03,Shipping Update,Your box is on the way,true,true
E001770,C0192,oliver.0192@example.com,email_sent,2025-11-23 04:24:44,Winback,We miss you — come back,false,false
E001771,C0192,oliver.0192@example.com,email_opened,2025-11-26 03:24:44,Winback,We miss you — come back,false,true
E001772,C0193,benjamin.0193@example.com,email_sent,2025-10-26 08:19:35,Winback,We miss you — come back,false,false
E001773,C0193,benjamin.0193@example.com,email_sent,2026-01-11 02:20:35,Survey,Tell us how we did,false,false
E001774,C0193,benjamin.0193@example.com,email_opened,2026-01-12 15:20:35,Survey,Tell us how we did,false,true
E001775,C0193,benjamin.0193@example.com,email_sent,2025-09-18 00:20:22,Welcome Series,Welcome to your new box!,false,false
E001776,C0193,benjamin.0193@example.com,email_sent,2025-09-18 09:44:35,Welcome Series,Welcome to your new box!,false,false
E001777,C0193,benjamin.0193@example.com,email_sent,2025-11-19 20:42:07,Shipping Update,Your box is on the way,false,false
E001778,C0193,benjamin.0193@example.com,email_opened,2025-11-22 18:42:07,Shipping Update,Your box is on the way,false,true
E001779,C0193,benjamin.0193@example.com,email_clicked,2025-11-23 09:42:07,Shipping Update,Your box is on the way,true,true
E001780,C0193,benjamin.0193@example.com,email_sent,2025-12-22 20:44:41,Shipping Update,Your box is on the way,false,false
E001781,C0193,benjamin.0193@example.com,email_sent,2025-10-27 07:03:09,Survey,Tell us how we did,false,false
E001782,C0194,aria.0194@example.com,email_sent,2026-01-29 20:31:27,Monthly Picks,This month’s top picks,false,false
E001783,C0194,aria.0194@example.com,email_opened,2026-01-31 21:31:27,Monthly Picks,This month’s top picks,false,true
E001784,C0194,aria.0194@example.com,email_clicked,2026-02-01 13:31:27,Monthly Picks,This month’s top picks,true,true
E001785,C0194,aria.0194@example.com,email_sent,2025-11-08 01:58:41,Welcome Series,Welcome to your new box!,false,false
E001786,C0194,aria.0194@example.com,email_sent,2025-11-20 04:24:55,Winback,We miss you — come back,false,false
E001787,C0194,aria.0194@example.com,email_sent,2026-01-15 16:06:31,Survey,Tell us how we did,false,false
E001788,C0194,aria.0194@example.com,email_sent,2025-09-02 11:26:32,Winback,We miss you — come back,false,false
E001789,C0195,daniel.0195@example.com,email_sent,2025-10-26 01:41:32,Shipping Update,Your box is on the way,false,false
E001790,C0195,daniel.0195@example.com,email_opened,2025-10-27 11:41:32,Shipping Update,Your box is on the way,false,true
E001791,C0195,daniel.0195@example.com,email_sent,2026-01-09 17:48:33,Winback,We miss you — come back,false,false
E001792,C0195,daniel.0195@example.com,email_opened,2026-01-11 23:48:33,Winback,We miss you — come back,false,true
E001793,C0195,daniel.0195@example.com,email_clicked,2026-01-12 00:48:33,Winback,We miss you — come back,true,true
E001794,C0195,daniel.0195@example.com,email_sent,2026-02-01 12:02:39,Monthly Picks,This month’s top picks,false,false
E001795,C0195,daniel.0195@example.com,email_opened,2026-02-04 07:02:39,Monthly Picks,This month’s top picks,false,true
E001796,C0195,daniel.0195@example.com,email_sent,2025-11-01 15:31:18,Shipping Update,Your box is on the way,false,false
E001797,C0195,daniel.0195@example.com,email_opened,2025-11-03 23:31:18,Shipping Update,Your box is on the way,false,true
E001798,C0195,daniel.0195@example.com,email_clicked,2025-11-04 12:31:18,Shipping Update,Your box is on the way,true,true
E001799,C0195,daniel.0195@example.com,email_sent,2025-12-29 16:00:59,Monthly Picks,This month’s top picks,false,false
E001800,C0196,owen.0196@example.com,email_sent,2025-11-23 07:45:44,Shipping Update,Your box is on the way,false,false
E001801,C0196,owen.0196@example.com,email_opened,2025-11-25 09:45:44,Shipping Update,Your box is on the way,false,true
E001802,C0196,owen.0196@example.com,email_sent,2025-11-18 06:40:14,Monthly Picks,This month’s top picks,false,false
E001803,C0196,owen.0196@example.com,email_sent,2025-10-01 18:24:03,Shipping Update,Your box is on the way,false,false
E001804,C0196,owen.0196@example.com,email_opened,2025-10-02 07:24:03,Shipping Update,Your box is on the way,false,true
E001805,C0196,owen.0196@example.com,email_sent,2025-12-07 22:00:29,Monthly Picks,This month’s top picks,false,false
E001806,C0196,owen.0196@example.com,email_opened,2025-12-10 01:00:29,Monthly Picks,This month’s top picks,false,true
E001807,C0197,camila.0197@example.com,email_sent,2025-10-01 21:14:29,Shipping Update,Your box is on the way,false,false
E001808,C0197,camila.0197@example.com,email_sent,2025-09-19 02:35:49,Monthly Picks,This month’s top picks,false,false
E001809,C0197,camila.0197@example.com,email_opened,2025-09-21 10:35:49,Monthly Picks,This month’s top picks,false,true
E001810,C0197,camila.0197@example.com,email_clicked,2025-09-22 05:35:49,Monthly Picks,This month’s top picks,true,true
E001811,C0197,camila.0197@example.com,email_sent,2025-09-06 09:38:34,Monthly Picks,This month’s top picks,false,false
E001812,C0197,camila.0197@example.com,email_sent,2026-02-26 18:16:50,Shipping Update,Your box is on the way,false,false
E001813,C0197,camila.0197@example.com,email_sent,2025-11-14 06:08:08,Shipping Update,Your box is on the way,false,false
E001814,C0197,camila.0197@example.com,email_opened,2025-11-14 23:08:08,Shipping Update,Your box is on the way,false,true
E001815,C0197,camila.0197@example.com,email_sent,2026-01-01 15:00:41,Survey,Tell us how we did,false,false
E001816,C0198,ava.0198@example.com,email_sent,2026-01-05 16:58:34,Monthly Picks,This month’s top picks,false,false
E001817,C0198,ava.0198@example.com,email_sent,2025-10-08 15:18:29,VIP Insider,VIP early access inside,false,false
E001818,C0198,ava.0198@example.com,email_opened,2025-10-09 23:18:29,VIP Insider,VIP early access inside,false,true
E001819,C0198,ava.0198@example.com,email_sent,2026-01-28 14:17:06,Winback,We miss you — come back,false,false
E001820,C0198,ava.0198@example.com,email_opened,2026-01-28 21:17:06,Winback,We miss you — come back,false,true
E001821,C0198,ava.0198@example.com,email_sent,2025-12-31 20:04:23,Monthly Picks,This month’s top picks,false,false
E001822,C0198,ava.0198@example.com,email_opened,2026-01-01 10:04:23,Monthly Picks,This month’s top picks,false,true
E001823,C0198,ava.0198@example.com,email_clicked,2026-01-02 06:04:23,Monthly Picks,This month’s top picks,true,true
E001824,C0198,ava.0198@example.com,email_sent,2025-09-21 19:00:48,Welcome Series,Welcome to your new box!,false,false
E001825,C0198,ava.0198@example.com,email_opened,2025-09-23 05:00:48,Welcome Series,Welcome to your new box!,false,true
E001826,C0199,matthew.0199@example.com,email_sent,2025-12-05 23:20:55,Welcome Series,Welcome to your new box!,false,false
E001827,C0199,matthew.0199@example.com,email_sent,2025-11-15 21:15:39,Monthly Picks,This month’s top picks,false,false
E001828,C0199,matthew.0199@example.com,email_opened,2025-11-16 00:15:39,Monthly Picks,This month’s top picks,false,true
E001829,C0199,matthew.0199@example.com,email_sent,2025-12-31 11:53:34,Winback,We miss you — come back,false,false
E001830,C0199,matthew.0199@example.com,email_opened,2026-01-02 17:53:34,Winback,We miss you — come back,false,true
E001831,C0199,matthew.0199@example.com,email_sent,2026-01-02 00:33:55,VIP Insider,VIP early access inside,false,false
E001832,C0200,david.0200@example.com,email_sent,2025-10-29 00:17:56,Monthly Picks,This month’s top picks,false,false
E001833,C0200,david.0200@example.com,email_opened,2025-10-29 23:17:56,Monthly Picks,This month’s top picks,false,true
E001834,C0200,david.0200@example.com,email_sent,2025-12-27 19:12:59,Survey,Tell us how we did,false,false
E001835,C0200,david.0200@example.com,email_sent,2025-11-06 13:36:44,Welcome Series,Welcome to your new box!,false,false
E001836,C0200,david.0200@example.com,email_sent,2025-12-29 05:28:14,Winback,We miss you — come back,false,false
E001837,C0200,david.0200@example.com,email_sent,2025-10-01 18:08:34,Welcome Series,Welcome to your new box!,false,false
E001838,C0200,david.0200@example.com,email_opened,2025-10-03 03:08:34,Welcome Series,Welcome to your new box!,false,true
